duration,total_bytes,packet_count,interval_mean,interval_variance,label,attack_type
0.008838891983032227,465,7,0.0014731486638387044,6.847026714101251e-06,1,1_beacon_capture
0.008734464645385742,751,6,0.0017468929290771484,7.505290227527439e-06,1,1_beacon_capture
0.0029592514038085938,465,7,0.0004932085673014323,3.9977468052004246e-07,1,1_beacon_capture
0.002857208251953125,751,6,0.000571441650390625,3.798348961936426e-07,1,1_beacon_capture
0.0027697086334228516,465,7,0.0004616181055704753,3.8071178052076806e-07,1,1_beacon_capture
0.0026650428771972656,751,6,0.0005330085754394531,3.8902864162082547e-07,1,1_beacon_capture
0.003145933151245117,465,7,0.0005243221918741862,4.3140419197445436e-07,1,1_beacon_capture
0.003030538558959961,751,6,0.0006061077117919921,4.390657386466045e-07,1,1_beacon_capture
0.006601095199584961,465,7,0.0011001825332641602,2.65228866188257e-06,1,1_beacon_capture
0.0063533782958984375,751,6,0.0012706756591796876,2.831555630109506e-06,1,1_beacon_capture
0.0026848316192626953,465,7,0.00044747193654378253,3.435568945380712e-07,1,1_beacon_capture
0.0025758743286132812,751,6,0.0005151748657226563,3.4926777971122645e-07,1,1_beacon_capture
1.3821606636047363,11826,19,0.07678670353359646,0.02958287993693448,1,2_dns_tunneling_capture
123.89517211914062,470,6,24.779034423828126,420.93308855584,1,2_dns_tunneling_capture
126.13310265541077,11948,32,4.068809763077767,153.72992013253761,1,2_dns_tunneling_capture
140.03093600273132,6288,60,2.373405694961548,23.49075717317865,1,2_dns_tunneling_capture
48.30931210517883,12742,135,0.36051725451625993,0.05785471818798497,1,2_dns_tunneling_capture
140.56879115104675,4988,58,2.46611914300082,6.298693221220305,1,2_dns_tunneling_capture
0.4986889362335205,347,2,0.4986889362335205,0.0,1,2_dns_tunneling_capture
0.49858593940734863,392,2,0.49858593940734863,0.0,1,2_dns_tunneling_capture
0.3437793254852295,352,2,0.3437793254852295,0.0,1,2_dns_tunneling_capture
0.34279870986938477,307,2,0.34279870986938477,0.0,1,2_dns_tunneling_capture
0.3689422607421875,162,3,0.18447113037109375,0.03400374182297128,1,2_dns_tunneling_capture
124.2673327922821,1560,16,8.284488852818807,262.5261255104948,1,2_dns_tunneling_capture
3.0016040802001953,198,3,1.5008020401000977,0.24984409856210732,1,2_dns_tunneling_capture
3.0005550384521484,198,3,1.5002775192260742,0.24979166558318866,1,2_dns_tunneling_capture
3.0010011196136475,198,3,1.5005005598068237,0.250787997320586,1,2_dns_tunneling_capture
77.60651540756226,205627,247,0.31547363986813926,4.127448383736896,1,2_dns_tunneling_capture
140.56171703338623,5808,68,2.0979360751251677,5.973877137758571,1,2_dns_tunneling_capture
140.8415412902832,5225,39,3.706356349744295,31.544994573686644,1,2_dns_tunneling_capture
3.002272605895996,258,3,1.501136302947998,0.2501084922215,1,2_dns_tunneling_capture
3.001040458679199,258,3,1.5005202293395996,0.25072507904047825,1,2_dns_tunneling_capture
3.0005249977111816,258,3,1.5002624988555908,0.2500395790505081,1,2_dns_tunneling_capture
138.71903586387634,7759,38,3.7491631314561173,33.95942712108833,1,2_dns_tunneling_capture
3.0008981227874756,258,3,1.5004490613937378,0.2499326512878639,1,2_dns_tunneling_capture
3.0005342960357666,258,3,1.5002671480178833,0.25069702504664804,1,2_dns_tunneling_capture
3.0013327598571777,258,3,1.5006663799285889,0.25033222738244376,1,2_dns_tunneling_capture
3.000746250152588,198,3,1.500373125076294,0.25008035351680746,1,2_dns_tunneling_capture
3.0004825592041016,198,3,1.5002412796020508,0.25021223756107247,1,2_dns_tunneling_capture
3.000340700149536,198,3,1.500170350074768,0.2502832022207855,1,2_dns_tunneling_capture
0.9997150897979736,172,2,0.9997150897979736,0.0,1,2_dns_tunneling_capture
1.0005505084991455,172,2,1.0005505084991455,0.0,1,2_dns_tunneling_capture
1.0004308223724365,172,2,1.0004308223724365,0.0,1,2_dns_tunneling_capture
1.0000004768371582,172,2,1.0000004768371582,0.0,1,2_dns_tunneling_capture
1.0007739067077637,172,2,1.0007739067077637,0.0,1,2_dns_tunneling_capture
1.000612497329712,172,2,1.000612497329712,0.0,1,2_dns_tunneling_capture
1.0586423873901367,8418,19,0.05881346596611871,0.006199151863226526,1,2_dns_tunneling_capture
137.66376566886902,4664,44,3.2014829225318375,32.62281680961898,1,2_dns_tunneling_capture
1.001133680343628,172,2,1.001133680343628,0.0,1,2_dns_tunneling_capture
1.00087571144104,172,2,1.00087571144104,0.0,1,2_dns_tunneling_capture
1.0011556148529053,172,2,1.0011556148529053,0.0,1,2_dns_tunneling_capture
1.0000832080841064,172,2,1.0000832080841064,0.0,1,2_dns_tunneling_capture
0.9998314380645752,172,2,0.9998314380645752,0.0,1,2_dns_tunneling_capture
0.9996614456176758,172,2,0.9996614456176758,0.0,1,2_dns_tunneling_capture
1.0006954669952393,132,2,1.0006954669952393,0.0,1,2_dns_tunneling_capture
1.0003247261047363,132,2,1.0003247261047363,0.0,1,2_dns_tunneling_capture
1.0001170635223389,132,2,1.0001170635223389,0.0,1,2_dns_tunneling_capture
85.23251414299011,2574,18,5.01367730252883,74.12421167114579,1,2_dns_tunneling_capture
130.8654384613037,12499,43,3.1158437728881836,44.24513392648947,1,2_dns_tunneling_capture
86.43298673629761,3430,22,4.115856511252267,54.880400282666045,1,2_dns_tunneling_capture
0.6867470741271973,13175,25,0.028614461421966553,0.004943367173208202,1,2_dns_tunneling_capture
0.37735700607299805,11930,22,0.017969381241571335,0.001180725935079106,1,2_dns_tunneling_capture
1.8633098602294922,13120,20,0.09806894001207854,0.027133768250100693,1,2_dns_tunneling_capture
90.39835929870605,483,6,18.07967185974121,483.1879420166914,1,2_dns_tunneling_capture
0.48481297492980957,13834,25,0.020200540622075398,0.0016931069594931082,1,2_dns_tunneling_capture
0.06319570541381836,392,2,0.06319570541381836,0.0,1,2_dns_tunneling_capture
0.06293988227844238,392,2,0.06293988227844238,0.0,1,2_dns_tunneling_capture
0.0627601146697998,347,2,0.0627601146697998,0.0,1,2_dns_tunneling_capture
104.40671420097351,57353,99,1.0653746347038113,30.698014873968436,1,2_dns_tunneling_capture
1.865391731262207,18536,30,0.06432385280214507,0.019453853236813343,1,2_dns_tunneling_capture
96.28223276138306,12659,23,4.376465125517412,165.72501410066351,1,2_dns_tunneling_capture
0.05853867530822754,247,2,0.05853867530822754,0.0,1,2_dns_tunneling_capture
0.059525251388549805,268,2,0.059525251388549805,0.0,1,2_dns_tunneling_capture
0.05806255340576172,309,2,0.05806255340576172,0.0,1,2_dns_tunneling_capture
100.85985326766968,17166,41,2.521496331691742,96.13744865450099,1,2_dns_tunneling_capture
0.6986498832702637,15458,28,0.025875921602602357,0.004714604802762863,1,2_dns_tunneling_capture
45.1090362071991,668,8,6.444148029599871,246.3549329464366,1,2_dns_tunneling_capture
1.9442574977874756,9056,19,0.10801430543263753,0.021877330765241888,1,2_dns_tunneling_capture
60.136940479278564,16326,175,0.3456146004556239,0.05722786202213946,1,2_dns_tunneling_capture
1.6379122734069824,12412,23,0.07445055788213556,0.019093483977140162,1,2_dns_tunneling_capture
33.266005516052246,883,6,6.653201103210449,151.40710519616945,1,2_dns_tunneling_capture
1.3877975940704346,9663,25,0.057824899752934776,0.014332555903199684,1,2_dns_tunneling_capture
0.9175601005554199,12066,28,0.033983707427978516,0.004635191683144479,1,2_dns_tunneling_capture
8.276349067687988,148,2,8.276349067687988,0.0,1,2_dns_tunneling_capture
51.71110796928406,2064,24,2.248309042142785,23.137016972998005,1,2_dns_tunneling_capture
0.10640454292297363,261,2,0.10640454292297363,0.0,1,2_dns_tunneling_capture
1.707500696182251,9057,19,0.09486114978790283,0.017523834707240046,1,2_dns_tunneling_capture
0.1122889518737793,261,2,0.1122889518737793,0.0,1,2_dns_tunneling_capture
0.04814267158508301,261,2,0.04814267158508301,0.0,1,2_dns_tunneling_capture
0.2191481590270996,301,2,0.2191481590270996,0.0,1,2_dns_tunneling_capture
0.0631399154663086,261,2,0.0631399154663086,0.0,1,2_dns_tunneling_capture
0.21175050735473633,301,2,0.21175050735473633,0.0,1,2_dns_tunneling_capture
0.05530500411987305,261,2,0.05530500411987305,0.0,1,2_dns_tunneling_capture
0.23267030715942383,301,2,0.23267030715942383,0.0,1,2_dns_tunneling_capture
0.07719540596008301,261,2,0.07719540596008301,0.0,1,2_dns_tunneling_capture
0.0895686149597168,222,3,0.0447843074798584,0.0019967604276303064,1,2_dns_tunneling_capture
0.222822904586792,301,2,0.222822904586792,0.0,1,2_dns_tunneling_capture
0.06631970405578613,261,2,0.06631970405578613,0.0,1,2_dns_tunneling_capture
0.2536470890045166,301,2,0.2536470890045166,0.0,1,2_dns_tunneling_capture
0.09741401672363281,261,2,0.09741401672363281,0.0,1,2_dns_tunneling_capture
0.2626986503601074,301,2,0.2626986503601074,0.0,1,2_dns_tunneling_capture
0.1065058708190918,261,2,0.1065058708190918,0.0,1,2_dns_tunneling_capture
0.18854975700378418,301,2,0.18854975700378418,0.0,1,2_dns_tunneling_capture
0.03245091438293457,261,2,0.03245091438293457,0.0,1,2_dns_tunneling_capture
0.2629225254058838,301,2,0.2629225254058838,0.0,1,2_dns_tunneling_capture
0.1074216365814209,261,2,0.1074216365814209,0.0,1,2_dns_tunneling_capture
37.15859127044678,10276,110,0.34090450706831904,0.0561024855965913,1,2_dns_tunneling_capture
0.21920442581176758,301,2,0.21920442581176758,0.0,1,2_dns_tunneling_capture
0.06305503845214844,261,2,0.06305503845214844,0.0,1,2_dns_tunneling_capture
0.27703428268432617,301,2,0.27703428268432617,0.0,1,2_dns_tunneling_capture
0.12086749076843262,261,2,0.12086749076843262,0.0,1,2_dns_tunneling_capture
0.22708630561828613,301,2,0.22708630561828613,0.0,1,2_dns_tunneling_capture
0.07126164436340332,261,2,0.07126164436340332,0.0,1,2_dns_tunneling_capture
0.6958186626434326,511,4,0.23193955421447754,0.01836059971200636,1,2_dns_tunneling_capture
28.43234395980835,54315,70,0.41206295593925146,10.005064654536381,1,2_dns_tunneling_capture
0.10694146156311035,261,2,0.10694146156311035,0.0,1,2_dns_tunneling_capture
0.2188270092010498,301,2,0.2188270092010498,0.0,1,2_dns_tunneling_capture
0.06328749656677246,261,2,0.06328749656677246,0.0,1,2_dns_tunneling_capture
0.18875861167907715,301,2,0.18875861167907715,0.0,1,2_dns_tunneling_capture
0.03145003318786621,261,2,0.03145003318786621,0.0,1,2_dns_tunneling_capture
0.23298072814941406,301,2,0.23298072814941406,0.0,1,2_dns_tunneling_capture
0.07594633102416992,261,2,0.07594633102416992,0.0,1,2_dns_tunneling_capture
0.1945803165435791,301,2,0.1945803165435791,0.0,1,2_dns_tunneling_capture
0.03766179084777832,261,2,0.03766179084777832,0.0,1,2_dns_tunneling_capture
0.25655388832092285,301,2,0.25655388832092285,0.0,1,2_dns_tunneling_capture
0.09917283058166504,261,2,0.09917283058166504,0.0,1,2_dns_tunneling_capture
0.19818377494812012,301,2,0.19818377494812012,0.0,1,2_dns_tunneling_capture
0.0403132438659668,261,2,0.0403132438659668,0.0,1,2_dns_tunneling_capture
0.2066025733947754,301,2,0.2066025733947754,0.0,1,2_dns_tunneling_capture
0.04994392395019531,261,2,0.04994392395019531,0.0,1,2_dns_tunneling_capture
0.3099086284637451,301,2,0.3099086284637451,0.0,1,2_dns_tunneling_capture
0.1521925926208496,261,2,0.1521925926208496,0.0,1,2_dns_tunneling_capture
0.2225034236907959,301,2,0.2225034236907959,0.0,1,2_dns_tunneling_capture
0.06518936157226562,261,2,0.06518936157226562,0.0,1,2_dns_tunneling_capture
0.21030735969543457,301,2,0.21030735969543457,0.0,1,2_dns_tunneling_capture
0.053850412368774414,261,2,0.053850412368774414,0.0,1,2_dns_tunneling_capture
0.22463035583496094,301,2,0.22463035583496094,0.0,1,2_dns_tunneling_capture
0.06814169883728027,261,2,0.06814169883728027,0.0,1,2_dns_tunneling_capture
0.18459510803222656,301,2,0.18459510803222656,0.0,1,2_dns_tunneling_capture
0.02807760238647461,261,2,0.02807760238647461,0.0,1,2_dns_tunneling_capture
0.23874354362487793,301,2,0.23874354362487793,0.0,1,2_dns_tunneling_capture
0.08196330070495605,261,2,0.08196330070495605,0.0,1,2_dns_tunneling_capture
0.052516937255859375,267,2,0.052516937255859375,0.0,1,2_dns_tunneling_capture
0.0522160530090332,295,2,0.0522160530090332,0.0,1,2_dns_tunneling_capture
0.05327248573303223,283,2,0.05327248573303223,0.0,1,2_dns_tunneling_capture
0.8328094482421875,88601,79,0.010677044208233174,0.0008568466805159869,1,2_dns_tunneling_capture
0.2537388801574707,301,2,0.2537388801574707,0.0,1,2_dns_tunneling_capture
0.09813261032104492,261,2,0.09813261032104492,0.0,1,2_dns_tunneling_capture
0.21915841102600098,301,2,0.21915841102600098,0.0,1,2_dns_tunneling_capture
0.06277203559875488,261,2,0.06277203559875488,0.0,1,2_dns_tunneling_capture
0.18208670616149902,301,2,0.18208670616149902,0.0,1,2_dns_tunneling_capture
0.025728464126586914,261,2,0.025728464126586914,0.0,1,2_dns_tunneling_capture
0.10765671730041504,121,2,0.10765671730041504,0.0,1,2_dns_tunneling_capture
0.16930603981018066,301,2,0.16930603981018066,0.0,1,2_dns_tunneling_capture
0.013620376586914062,261,2,0.013620376586914062,0.0,1,2_dns_tunneling_capture
0.24692893028259277,301,2,0.24692893028259277,0.0,1,2_dns_tunneling_capture
0.09127211570739746,261,2,0.09127211570739746,0.0,1,2_dns_tunneling_capture
0.2225663661956787,301,2,0.2225663661956787,0.0,1,2_dns_tunneling_capture
0.06591129302978516,261,2,0.06591129302978516,0.0,1,2_dns_tunneling_capture
0.3178102970123291,301,2,0.3178102970123291,0.0,1,2_dns_tunneling_capture
0.1612391471862793,261,2,0.1612391471862793,0.0,1,2_dns_tunneling_capture
0.28488683700561523,301,2,0.28488683700561523,0.0,1,2_dns_tunneling_capture
0.12866640090942383,261,2,0.12866640090942383,0.0,1,2_dns_tunneling_capture
0.2759733200073242,301,2,0.2759733200073242,0.0,1,2_dns_tunneling_capture
0.11919903755187988,261,2,0.11919903755187988,0.0,1,2_dns_tunneling_capture
0.22295403480529785,301,2,0.22295403480529785,0.0,1,2_dns_tunneling_capture
0.06618309020996094,261,2,0.06618309020996094,0.0,1,2_dns_tunneling_capture
0.05635571479797363,234,2,0.05635571479797363,0.0,1,2_dns_tunneling_capture
0.05592155456542969,246,2,0.05592155456542969,0.0,1,2_dns_tunneling_capture
0.45130491256713867,11476,24,0.019621952720310375,0.0013751315188183964,1,2_dns_tunneling_capture
11.999563455581665,242,2,11.999563455581665,0.0,1,3_exfiltration_capture
11.999164342880249,282,2,11.999164342880249,0.0,1,3_exfiltration_capture
135.0003468990326,292,4,45.000115633010864,2.9824013836332597e-07,1,3_exfiltration_capture
0.0026869773864746094,296020,21,0.00013434886932373047,2.937154306437151e-08,1,3_exfiltration_capture
0.002602100372314453,1491,21,0.00013010501861572267,2.4724943727960632e-08,1,3_exfiltration_capture
0.03303098678588867,188,4,0.011010328928629557,0.0002318884648325871,1,4_lateral_scan_capture
0.0327763557434082,144,3,0.0163881778717041,0.0002582643233495219,1,4_lateral_scan_capture
0.6687459945678711,163,2,0.6687459945678711,0.0,1,5_jittered_beacon
0.669281005859375,203,2,0.669281005859375,0.0,1,5_jittered_beacon
490.7552328109741,111376,2475,0.1983650900610243,3.6767516699463303,1,5_jittered_beacon
490.75518703460693,108900,2475,0.19836507155804645,3.67676277607358,1,5_jittered_beacon
490.7547130584717,110672,2459,0.19965610783501694,3.700691904254587,1,5_jittered_beacon
490.75467801094055,108196,2459,0.19965609357646077,3.7006952232126307,1,5_jittered_beacon
3.0318779945373535,1710,38,0.08194264850100956,0.23933042065755333,1,5_jittered_beacon
3.0318548679351807,1672,38,0.08194202345770758,0.23933281603357054,1,5_jittered_beacon
3.03139591217041,1710,38,0.08192961924784892,0.23944751301029432,1,5_jittered_beacon
3.031369924545288,1672,38,0.08192891687960238,0.23945237275857698,1,5_jittered_beacon
3.023557186126709,808,4,1.0078523953755696,1.791263254189188e-05,1,5_jittered_beacon
405.35483288764954,59040,1312,0.30919514331628495,5.823283748844547,1,5_jittered_beacon
405.35481214523315,57728,1312,0.30919512749445704,5.823305339605053,1,5_jittered_beacon
405.35381293296814,58732,1305,0.3108541510222148,5.854415024360964,1,5_jittered_beacon
405.35382199287415,57420,1305,0.3108541579699955,5.854428900711606,1,5_jittered_beacon
1034.8353221416473,3268,43,24.638936241467793,103.00819000922885,1,5_jittered_beacon
0.04887819290161133,285,6,0.009775638580322266,0.0002774742347355641,1,5_jittered_beacon
0.04851794242858887,189,4,0.01617264747619629,0.0003548088980475465,1,5_jittered_beacon
0.0265810489654541,471,7,0.004430174827575684,6.702456613065048e-05,1,5_jittered_beacon
0.0265200138092041,751,6,0.00530400276184082,7.640081663794261e-05,1,5_jittered_beacon
0.019414901733398438,1036,7,0.0032358169555664062,1.2537066481854708e-05,1,5_jittered_beacon
0.01933908462524414,751,6,0.003867816925048828,1.2669667044065135e-05,1,5_jittered_beacon
0.7874882221221924,1036,7,0.1312480370203654,0.08233076892847023,1,5_jittered_beacon
0.787578821182251,751,6,0.1575157642364502,0.09468859829655685,1,5_jittered_beacon
0.2809929847717285,1036,7,0.04683216412862142,0.009652924227920166,1,5_jittered_beacon
0.28097987174987793,751,6,0.056195974349975586,0.011069447051067983,1,5_jittered_beacon
0.4376511573791504,1036,7,0.07294185956319173,0.024624095214954247,1,5_jittered_beacon
0.43773388862609863,751,6,0.08754677772521972,0.02829924542971639,1,5_jittered_beacon
150.74192094802856,323,7,25.123653491338093,422.7664768794172,1,5_jittered_beacon
150.74176788330078,312,6,30.148353576660156,355.83564944424654,1,5_jittered_beacon
0.026346206665039062,471,7,0.004391034444173177,7.877757973852163e-05,1,5_jittered_beacon
0.026176929473876953,751,6,0.0052353858947753905,9.187174290218535e-05,1,5_jittered_beacon
0.01940011978149414,471,7,0.00323335329691569,3.1828539489550974e-05,1,5_jittered_beacon
0.019301891326904297,751,6,0.0038603782653808595,3.6720892412631654e-05,1,5_jittered_beacon
3.026160955429077,808,4,1.0087203184763591,1.551515281840289e-05,1,5_jittered_beacon
0.020826101303100586,471,7,0.0034710168838500977,4.608611727974221e-05,1,5_jittered_beacon
0.02081894874572754,751,6,0.004163789749145508,5.3074250545250833e-05,1,5_jittered_beacon
0.01866888999938965,471,7,0.0031114816665649414,3.875132159218234e-05,1,5_jittered_beacon
0.01870107650756836,751,6,0.003740215301513672,4.463583249162184e-05,1,5_jittered_beacon
0.005320072174072266,471,7,0.0008866786956787109,2.659660462237904e-06,1,5_jittered_beacon
0.00527501106262207,751,6,0.001055002212524414,2.919602752626815e-06,1,5_jittered_beacon
3.022413969039917,808,4,1.0074713230133057,2.5845284085335152e-05,1,5_jittered_beacon
0.0016410350799560547,471,7,0.00027350584665934247,8.809574896733666e-08,1,5_jittered_beacon
0.0015819072723388672,751,6,0.00031638145446777344,8.897025054466212e-08,1,5_jittered_beacon
0.00391697883605957,471,7,0.0006528298060099283,9.440284508678411e-07,1,5_jittered_beacon
0.0036950111389160156,751,6,0.0007390022277832031,1.0232238901153323e-06,1,5_jittered_beacon
0.003331899642944336,471,7,0.0005553166071573893,8.943472080444635e-07,1,5_jittered_beacon
0.0032851696014404297,751,6,0.000657033920288086,9.655505300543152e-07,1,5_jittered_beacon
3.0186519622802734,808,4,1.006217320760091,2.3251941583011003e-06,1,5_jittered_beacon
0.0026581287384033203,471,7,0.0004430214564005534,3.32536509341076e-07,1,5_jittered_beacon
0.0026481151580810547,751,6,0.000529623031616211,3.374638390596375e-07,1,5_jittered_beacon
0.013828039169311523,471,7,0.002304673194885254,1.3680383740203675e-05,1,5_jittered_beacon
0.013709068298339844,751,6,0.0027418136596679688,1.563484654525382e-05,1,5_jittered_beacon
6.494786977767944,252,3,3.247393488883972,0.06745941555210777,1,5_jittered_beacon
3.0341880321502686,808,4,1.011396010716756,1.5625316046276162e-05,1,5_jittered_beacon
0.0021970272064208984,471,7,0.0003661712010701497,2.9176833354287947e-07,1,5_jittered_beacon
0.0021610260009765625,751,6,0.0004322052001953125,3.086126616835827e-07,1,5_jittered_beacon
0.00407099723815918,471,7,0.0006784995396931967,1.3220383421083977e-06,1,5_jittered_beacon
0.004018068313598633,751,6,0.0008036136627197265,1.4406240234166034e-06,1,5_jittered_beacon
0.0023031234741210938,471,7,0.0003838539123535156,1.6680127146173618e-07,1,5_jittered_beacon
0.0022499561309814453,751,6,0.0004499912261962891,1.6520054032298504e-07,1,5_jittered_beacon
3.0279059410095215,808,4,1.009301980336507,1.803244975285957e-05,1,5_jittered_beacon
0.003262042999267578,471,7,0.0005436738332112631,6.037306295386063e-07,1,5_jittered_beacon
0.003178834915161133,751,6,0.0006357669830322265,6.277546526689546e-07,1,5_jittered_beacon
0.004111051559448242,471,7,0.0006851752599080404,1.003536575518006e-06,1,5_jittered_beacon
0.0038881301879882812,751,6,0.0007776260375976562,1.091353842639364e-06,1,5_jittered_beacon
3.0224339962005615,808,4,1.0074779987335205,1.8865247284338693e-06,1,5_jittered_beacon
0.0019199848175048828,471,7,0.00031999746958414715,1.0710803463906711e-07,1,5_jittered_beacon
0.0018699169158935547,751,6,0.0003739833831787109,1.0801737971632973e-07,1,5_jittered_beacon
0.01553201675415039,471,7,0.002588669459025065,2.5134516489641915e-05,1,5_jittered_beacon
0.015472888946533203,751,6,0.0030945777893066407,2.908953767018829e-05,1,5_jittered_beacon
0.0028769969940185547,471,7,0.00047949949900309247,4.0468128601231814e-07,1,5_jittered_beacon
0.002830982208251953,751,6,0.0005661964416503907,4.274781394997262e-07,1,5_jittered_beacon
3.025398015975952,808,4,1.0084660053253174,2.982236780250484e-05,1,5_jittered_beacon
0.020904064178466797,471,7,0.003484010696411133,4.674137778692966e-05,1,5_jittered_beacon
0.020838022232055664,751,6,0.004167604446411133,5.379844682011027e-05,1,5_jittered_beacon
3.0211148262023926,808,4,1.0070382754007976,4.728210203413457e-06,1,5_jittered_beacon
0.018193960189819336,471,7,0.0030323266983032227,3.5766495988317125e-05,1,6_distributed_c2
0.018158912658691406,804,6,0.003631782531738281,4.121606183161929e-05,1,6_distributed_c2
157.4502718448639,96210,2138,0.07367818055445198,0.702919809742949,1,6_distributed_c2
157.4502260684967,94072,2138,0.07367815913359696,0.7029232105822457,1,6_distributed_c2
157.4497799873352,96078,2135,0.07378152764167535,0.7040359830218584,1,6_distributed_c2
157.4497890472412,93940,2135,0.07378153188717958,0.7040359599301239,1,6_distributed_c2
0.02034306526184082,471,7,0.00339051087697347,4.15956085062261e-05,1,6_distributed_c2
0.020309925079345703,804,6,0.004061985015869141,4.7785334922991756e-05,1,6_distributed_c2
150.03486394882202,456,6,30.006972789764404,1.703681014078029e-05,1,6_distributed_c2
0.01869678497314453,285,6,0.0037393569946289062,4.0925874804997876e-05,1,6_distributed_c2
0.01859593391418457,189,4,0.0061986446380615234,5.247090246029984e-05,1,6_distributed_c2
0.02060723304748535,471,7,0.0034345388412475586,4.4099548323591385e-05,1,6_distributed_c2
0.02049112319946289,804,6,0.004098224639892578,5.1644831123667246e-05,1,6_distributed_c2
0.013905048370361328,471,7,0.002317508061726888,1.9360455812349956e-05,1,6_distributed_c2
0.013866901397705078,804,6,0.0027733802795410155,2.2474645097645406e-05,1,6_distributed_c2
0.0015649795532226562,471,7,0.0002608299255371094,7.579476838751968e-08,1,6_distributed_c2
0.0014998912811279297,804,6,0.00029997825622558595,7.523111435148168e-08,1,6_distributed_c2
0.0016040802001953125,471,7,0.00026734670003255207,9.971390429402366e-08,1,6_distributed_c2
0.0015649795532226562,804,6,0.00031299591064453124,1.0345330338168425e-07,1,6_distributed_c2
0.0037140846252441406,471,7,0.0006190141042073568,9.341153044159806e-07,1,6_distributed_c2
0.003564119338989258,804,6,0.0007128238677978516,9.933154251484665e-07,1,6_distributed_c2
0.3244469165802002,471,7,0.054074486096700035,0.013029175058030598,1,6_distributed_c2
0.324113130569458,848,7,0.05401885509490967,0.01303157402546636,1,6_distributed_c2
3.0411949157714844,808,4,1.0137316385904949,8.078349247221517e-06,1,6_distributed_c2
33.495208978652954,168,2,33.495208978652954,0.0,1,6_distributed_c2
0.028164148330688477,471,7,0.004694024721781413,8.524626486740138e-05,1,6_distributed_c2
0.02810502052307129,804,6,0.005621004104614258,9.815414344757302e-05,1,6_distributed_c2
0.023138999938964844,471,7,0.003856499989827474,6.313001947293944e-05,1,6_distributed_c2
0.023104190826416016,804,6,0.004620838165283203,7.29072028752853e-05,1,6_distributed_c2
0.636868953704834,7050,17,0.039804309606552124,0.004299746614747413,1,7_spike
9.362458944320679,11108,21,0.4681229472160339,3.534780589078663,1,7_spike
0.5203149318695068,10402,19,0.028906385103861492,0.0034903817363129983,1,7_spike
0.04225897789001465,121,2,0.04225897789001465,0.0,1,7_spike
42.03721284866333,10238,101,0.4203721284866333,0.03734311827232148,1,7_spike
1.8740730285644531,386,5,0.4685182571411133,0.5839422203749791,1,7_spike
0.006406068801879883,222,2,0.006406068801879883,0.0,1,7_spike
0.011265039443969727,172,2,0.011265039443969727,0.0,1,7_spike
0.1918017864227295,9246,20,0.010094830864354185,0.0003579828173146238,1,7_spike
30.117307901382446,12528,76,0.40156410535176595,1.2601509435099103,1,7_spike
166.43721890449524,724,12,15.130656264045022,412.84310779143283,1,7_spike
0.011941909790039062,238,2,0.011941909790039062,0.0,1,7_spike
39.139256954193115,7005,23,1.7790571342815051,17.370138516927657,1,7_spike
377.6907138824463,14895,165,2.3029921578197943,13.460321885074583,1,7_spike
34.97549390792847,7005,23,1.589795177633112,13.272474690963309,1,7_spike
0.006784200668334961,307,2,0.006784200668334961,0.0,1,7_spike
1.3360891342163086,12448,23,0.06073132428255948,0.012436278071677952,1,7_spike
344.80774116516113,1542,22,16.419416245960054,425.3276942683229,1,7_spike
5.019286155700684,283,5,1.254821538925171,4.461105467989142,1,7_spike
3.825165033340454,6874,20,0.20132447543897128,0.1768178925725727,1,7_spike
4.430393218994141,6791,19,0.2461329566107856,0.3249784233400623,1,7_spike
371.3839199542999,8310,87,4.318417673887208,39.7071497755904,1,7_spike
360.15438079833984,69008,190,1.9055787343827506,33.89901388263429,1,7_spike
360.0861530303955,7463,91,4.000957255893283,53.579992473195496,1,7_spike
4.40487813949585,6845,20,0.23183569155241313,0.17086960734605,1,7_spike
18.9534809589386,433,8,2.707640136991228,5.121397867604424,1,7_spike
3.8363280296325684,6791,19,0.21312933497958714,0.1989482351325576,1,7_spike
24.611423015594482,378,7,4.101903835932414,17.695459556351988,1,7_spike
38.28591704368591,7059,24,1.6646050888559092,15.315364622728408,1,7_spike
3.688563108444214,6874,20,0.1941349004444323,0.16616095381284102,1,7_spike
3.679670810699463,6791,19,0.20442615614997017,0.16765949118015205,1,7_spike
3.8041329383850098,6874,20,0.20021752307289525,0.18756026764899056,1,7_spike
3.721342086791992,6874,20,0.19586010983115748,0.1573376794533503,1,7_spike
360.22857093811035,3887,52,7.063305312511968,158.79446697390557,1,7_spike
32.35324215888977,6922,22,1.540630578994751,11.56921803130229,1,7_spike
3.5709869861602783,6791,19,0.19838816589779323,0.15861067651424665,1,7_spike
3.6514360904693604,6874,20,0.19218084686680845,0.17183740149497573,1,7_spike
0.029078960418701172,367,2,0.029078960418701172,0.0,1,7_spike
0.028744935989379883,307,2,0.028744935989379883,0.0,1,7_spike
30.962629079818726,18547,41,0.7740657269954682,5.0804317425889005,1,7_spike
3.7759270668029785,6874,20,0.19873300351594625,0.1800430287473127,1,7_spike
36.93644905090332,10546,26,1.4774579620361328,11.493187604654825,1,7_spike
3.5973150730133057,6928,21,0.1798657536506653,0.132145559092625,1,7_spike
34.42951703071594,7005,23,1.5649780468507246,12.71423074423793,1,7_spike
30.034953832626343,12614,79,0.3850635106746967,1.1771962027903211,1,7_spike
31.26325488090515,15898,54,0.589872733601984,13.405940533138295,1,7_spike
32.97488808631897,105791,141,0.23553491490227835,5.47409337341451,1,7_spike
3.6886048316955566,6791,19,0.20492249064975315,0.15505120607820977,1,7_spike
1.8235230445861816,163,3,0.9117615222930908,0.8312364699033878,1,7_spike
3.6201071739196777,6791,19,0.20111706521775988,0.17683303172743192,1,7_spike
39.08272695541382,433,8,5.58324670791626,42.59415306218984,1,7_spike
1.1390390396118164,24091,31,0.03796796798706055,0.008141293518180345,1,7_spike
157.59435200691223,7571,26,6.303774080276489,150.85247543358275,1,7_spike
3.8558201789855957,6874,20,0.2029379041571366,0.18955605206781362,1,7_spike
0.005892038345336914,307,2,0.005892038345336914,0.0,1,7_spike
1.2042250633239746,10879,21,0.06021125316619873,0.010716756822359343,1,7_spike
3.8531389236450195,6874,20,0.20279678545500102,0.17929160663637678,1,7_spike
0.005997180938720703,316,2,0.005997180938720703,0.0,1,7_spike
1.2228829860687256,12844,26,0.048915319442749024,0.010016024476110578,1,7_spike
59.83136296272278,21474,194,0.3100070619830196,0.06047358095222959,1,7_spike
3.7950551509857178,6874,20,0.199739744788722,0.17865143903184147,1,7_spike
3.874588966369629,6845,20,0.20392573507208572,0.18058351614074444,1,7_spike
3.9806249141693115,6874,20,0.20950657442996376,0.19436688305429492,1,7_spike
0.019855976104736328,238,2,0.019855976104736328,0.0,1,7_spike
38.83944392204285,7005,23,1.7654292691837659,16.414486046809103,1,7_spike
0.006125926971435547,238,2,0.006125926971435547,0.0,1,7_spike
3.6917338371276855,6791,19,0.20509632428487143,0.16398397628348804,1,7_spike
3.651185989379883,6791,19,0.20284366607666016,0.16287979741638184,1,7_spike
3.681425094604492,6874,20,0.1937592155054996,0.17085253792681113,1,7_spike
3.7780349254608154,6874,20,0.19884394344530607,0.18125086123254297,1,7_spike
57.189653158187866,7005,23,2.5995296890085395,32.54138723656681,1,7_spike
0.0057680606842041016,612,2,0.0057680606842041016,0.0,1,7_spike
0.16700482368469238,162,3,0.08350241184234619,0.006959638685444247,1,7_spike
30.074004888534546,16351,79,0.3855641652376224,1.2318152803578446,1,7_spike
0.8494701385498047,10191,23,0.03861227902499112,0.0030780996239914275,1,7_spike
86.46831107139587,24003,39,2.2754818702998914,69.12807006528742,1,7_spike
124.59370517730713,7570,26,4.983748207092285,110.0677124516353,1,7_spike
35.22183418273926,7005,23,1.6009924628517844,13.385920686427022,1,7_spike
36.77947115898132,6922,22,1.75140338852292,14.9641393919948,1,7_spike
4.452436923980713,6845,20,0.2343387854726691,0.23778527730840518,1,7_spike
3.710178852081299,6928,21,0.18550894260406495,0.11482435300162534,1,7_spike
3.013772964477539,6791,19,0.16743183135986328,0.11521583161777471,1,7_spike
36.559606075286865,6922,22,1.740933622632708,15.526792607012297,1,7_spike
3.203181028366089,6928,21,0.16015905141830444,0.10965112722492379,1,7_spike
3.0103070735931396,6874,20,0.15843721439963893,0.10853900380548746,1,7_spike
3.0288949012756348,6874,20,0.15941552111977025,0.11095866411208773,1,7_spike
30.057744026184082,16164,75,0.4061857300835687,1.2728624274087528,1,7_spike
3.0470008850097656,6791,19,0.16927782694498697,0.1140653967588542,1,7_spike
3.2595138549804688,6791,19,0.18108410305447048,0.1379539896872918,1,7_spike
3.612946033477783,6874,20,0.19015505439356753,0.17502542814497637,1,7_spike
38.805553913116455,7059,24,1.6871979962224546,16.005321543799106,1,7_spike
0.0517120361328125,121,2,0.0517120361328125,0.0,1,7_spike
3.483609199523926,6845,20,0.18334785260652242,0.1404474244584687,1,7_spike
59.89801001548767,14846,147,0.41026034257183336,0.04248027415221852,1,7_spike
18.941415071487427,378,7,3.1569025119145713,10.570016932118039,1,7_spike
1.6488358974456787,18766,31,0.054961196581522626,0.058265710502759714,1,7_spike
37.56838917732239,6922,22,1.788970913205828,15.803256715092019,1,7_spike
3.8804900646209717,6928,21,0.19402450323104858,0.142627572605425,1,7_spike
3.574954032897949,6874,20,0.18815547541568153,0.1593959929689261,1,7_spike
0.006562948226928711,238,2,0.006562948226928711,0.0,1,7_spike
38.4607720375061,6976,23,1.748216910795732,16.416693289111922,1,7_spike
3.3574349880218506,6874,20,0.17670710463272898,0.13952922000953574,1,7_spike
3.396120071411133,6874,20,0.17874316165321752,0.14127957659510434,1,7_spike
37.27645397186279,6922,22,1.775069236755371,15.994738603787406,1,7_spike
3.380460023880005,6874,20,0.17791894862526342,0.13766999693566181,1,7_spike
3.471648931503296,6874,20,0.18271836481596293,0.15347446747618126,1,7_spike
39.87203812599182,7005,23,1.8123653693632646,17.829530155903615,1,7_spike
3.4389710426330566,6874,20,0.18099847592805562,0.14592772171218646,1,7_spike
3.780174970626831,6874,20,0.19895657740141215,0.20309169210815511,1,7_spike
3.6947340965270996,6928,21,0.18473670482635499,0.12738938330908184,1,7_spike
0.005960941314697266,222,2,0.005960941314697266,0.0,1,7_spike
0.005793094635009766,172,2,0.005793094635009766,0.0,1,7_spike
31.209541082382202,17944,64,0.49538954099019367,9.630343609838533,1,7_spike
30.045601844787598,12302,75,0.4060216465511838,1.2973159025720506,1,7_spike
3.771649122238159,6791,19,0.2095360623465644,0.21445806158424321,1,7_spike
3.8563640117645264,6845,20,0.20296652693497508,0.1386850232662545,1,7_spike
23.423178911209106,6791,19,1.3012877172893949,24.32923586127491,1,7_spike
0.005945920944213867,304,2,0.005945920944213867,0.0,1,7_spike
0.15488409996032715,162,3,0.07744204998016357,0.005985976690126904,1,7_spike
0.16015315055847168,162,3,0.08007657527923584,0.0064047379676281935,1,7_spike
30.05420184135437,12410,76,0.40072269121805826,1.0967189979398537,1,7_spike
90.26390790939331,618254,1203,0.07509476531563504,0.4595256484203699,1,7_spike
3.4328978061676025,6874,20,0.18067883190355802,0.1505812231637054,1,7_spike
3.68721604347229,6874,20,0.19406400228801526,0.18577536290574528,1,7_spike
3.946359157562256,6874,20,0.2077031135559082,0.19627741626608872,1,7_spike
135.40741205215454,17009,65,2.1157408133149147,78.82483302632646,1,7_spike
98.2183768749237,161891,198,0.49857044098946046,13.046700061649851,1,7_spike
201.8828649520874,88790,119,1.7108717368820967,47.43564303358235,1,7_spike
136.48440098762512,18985,52,2.6761647252475513,106.55802456378292,1,7_spike
4.02744197845459,6928,21,0.2013720989227295,0.19814633952339933,1,7_spike
3.9263100624084473,6928,21,0.19631550312042237,0.17105648665400336,1,7_spike
3.8077001571655273,6874,20,0.2004052714297646,0.18438598687109797,1,7_spike
3.9082229137420654,6874,20,0.20569594282852977,0.19699931899626702,1,7_spike
59.97748112678528,15050,149,0.4052532508566573,0.039951373669386475,1,7_spike
35.307250022888184,7005,23,1.604875001040372,13.213025888990048,1,7_spike
3.7391490936279297,6874,20,0.19679732071725944,0.16420804389366642,1,7_spike
3.640671968460083,6791,19,0.20225955380333793,0.16338474152971727,1,7_spike
0.030250072479248047,238,2,0.030250072479248047,0.0,1,7_spike
3.7081308364868164,6874,20,0.19516478086772718,0.180830360189776,1,7_spike
3.87480092048645,6874,20,0.20393689055191844,0.19672087630863816,1,7_spike
3.9530091285705566,6874,20,0.2080531120300293,0.19644692302512412,1,7_spike
4.043292999267578,6791,19,0.22462738884819877,0.2120949416578508,1,7_spike
43.13359808921814,7005,23,1.960618094964461,20.874216931863543,1,7_spike
30.02527904510498,13381,73,0.41701776451534694,1.292941300542132,1,7_spike
1.186283826828003,24013,33,0.03707136958837509,0.008290048391571714,1,7_spike
0.005758047103881836,156,2,0.005758047103881836,0.0,1,7_spike
1.753188133239746,8240,34,0.05312691312847716,0.006303646560613018,1,7_spike
73.81132292747498,7191,19,4.100629051526387,116.68726583918485,1,7_spike
3.4304819107055664,6874,20,0.1805516795108193,0.1591526576603979,1,7_spike
3.779895067214966,6791,19,0.20999417040083143,0.1854020272331881,1,7_spike
38.67648720741272,6922,22,1.8417374860672724,16.55110996790195,1,7_spike
0.006185054779052734,222,2,0.006185054779052734,0.0,1,7_spike
0.005339145660400391,271,2,0.005339145660400391,0.0,1,7_spike
123.68992900848389,132815,201,0.6184496450424194,5.526825573061803,1,7_spike
42.522934913635254,6976,23,1.9328606778925115,19.463843918841885,1,7_spike
37.24069404602051,7005,23,1.6927588202736594,14.684870740628831,1,7_spike
35.00438594818115,6922,22,1.6668755213419597,13.449372089205664,1,7_spike
4.225356817245483,6874,20,0.222387200907657,0.271014699588934,1,7_spike
4.433058977127075,6845,20,0.23331889353300395,0.20417658502555439,1,7_spike
4.075850009918213,6791,19,0.22643611166212294,0.19974481733665475,1,7_spike
3.9555718898773193,6874,20,0.20818799420406944,0.19389952427068027,1,7_spike
4.084197998046875,6791,19,0.22689988878038195,0.22558223398859997,1,7_spike
4.078387022018433,6845,20,0.21465194852728592,0.1831090934659113,1,7_spike
36.36247706413269,6922,22,1.7315465268634616,14.678213035314513,1,7_spike
36.30690407752991,7005,23,1.6503138217059048,14.093473118797432,1,7_spike
55.766196966171265,7005,23,2.5348271348259668,31.58829833090134,1,7_spike
47.96059012413025,16012,56,0.8720107295296409,16.80286534925123,1,7_spike
30.019322872161865,13088,70,0.43506265032118646,1.364275119246526,1,7_spike
60.00569796562195,14916,148,0.40820202697702007,0.038193016865336896,1,7_spike
0.006132841110229492,349,2,0.006132841110229492,0.0,1,7_spike
0.016231060028076172,278,2,0.016231060028076172,0.0,1,7_spike
1.7302591800689697,12427,29,0.06179497071674892,0.01303034144484359,1,7_spike
1.4667179584503174,9289,21,0.07333589792251587,0.01647727467636443,1,7_spike
3.9224319458007812,6928,21,0.19612159729003906,0.1701431363164852,1,7_spike
0.007176876068115234,238,2,0.007176876068115234,0.0,1,7_spike
3.795124053955078,6928,21,0.1897562026977539,0.1726568269069537,1,7_spike
3.8080861568450928,6874,20,0.2004255872023733,0.18150025993809119,1,7_spike
3.7696328163146973,6791,19,0.20942404535081652,0.16753286126061012,1,7_spike
3.62191104888916,6791,19,0.20121728049384224,0.16170333018652133,1,7_spike
33.314048051834106,7005,23,1.5142749114470049,11.747974674722395,1,7_spike
144.81470704078674,25678,137,1.0648140223587261,15.114993813822794,1,7_spike
36.42176914215088,6922,22,1.7343699591500419,14.84172135829903,1,7_spike
36.04193305969238,7005,23,1.638269684531472,13.836202284376874,1,7_spike
4.058844089508057,7006,22,0.19327828997657412,0.16029621775660796,1,7_spike
4.438736915588379,6874,20,0.23361773239938835,0.32200969276109853,1,7_spike
4.447806119918823,6791,19,0.2471003399954902,0.18532351417661294,1,7_spike
35.210599184036255,6922,22,1.6766951992398216,13.77730441629753,1,7_spike
0.006246089935302734,296,2,0.006246089935302734,0.0,1,7_spike
0.005861997604370117,240,2,0.005861997604370117,0.0,1,7_spike
5.258224010467529,14633,37,0.14606177806854248,0.6201356906746156,1,7_spike
4.102664947509766,6874,20,0.21592973407946134,0.2357932924413685,1,7_spike
125.45881915092468,11475,34,3.801782398512869,145.68526455993697,1,7_spike
125.08694505691528,15850,36,3.5739127159118653,137.44193502438395,1,7_spike
39.274028062820435,7059,24,1.707566437513932,15.91375303383365,1,7_spike
38.2755241394043,6922,22,1.8226440066382998,16.353519941478964,1,7_spike
0.00789189338684082,443,2,0.00789189338684082,0.0,1,7_spike
0.008550882339477539,403,2,0.008550882339477539,0.0,1,7_spike
10.20396089553833,5950,23,0.46381640434265137,4.170536909443698,1,7_spike
90.08485698699951,93529,92,0.989943483373621,43.547885531781276,1,7_spike
0.0073969364166259766,240,2,0.0073969364166259766,0.0,1,7_spike
4.377619028091431,9935,24,0.19033126209093176,0.6641066398122717,1,7_spike
40.809529066085815,6976,23,1.8549785939129917,18.162970051932813,1,7_spike
0.2774507999420166,10345,25,0.011560449997584024,0.00035853409166235976,1,7_spike
41.543482065200806,6922,22,1.9782610507238478,19.707207277602834,1,7_spike
0.020513057708740234,405,2,0.020513057708740234,0.0,1,7_spike
0.0201261043548584,365,2,0.0201261043548584,0.0,1,7_spike
6.974248886108398,6052,22,0.3321070898146856,1.9769092381627065,1,7_spike
0.03083205223083496,405,2,0.03083205223083496,0.0,1,7_spike
0.030685901641845703,365,2,0.030685901641845703,0.0,1,7_spike
5.43949818611145,77935,85,0.06475593078704107,0.29431353284953665,1,7_spike
0.312824010848999,5683,20,0.01646442162363153,0.0006371306058313581,1,7_spike
3.703223943710327,6791,19,0.20573466353946263,0.16005874691864325,1,7_spike
10.29113507270813,21835,42,0.2510032944562959,0.7410842262292996,1,7_spike
33.99401307106018,7005,23,1.5451824123209172,12.106769196285562,1,7_spike
39.16838097572327,7059,24,1.7029730859010115,15.761138132444616,1,7_spike
3.96130108833313,6791,19,0.22007228268517387,0.18058819365555834,1,7_spike
3.850382089614868,6874,20,0.2026516889270983,0.19163791705245295,1,7_spike
4.072026968002319,6874,20,0.21431720884222732,0.2201942481804733,1,7_spike
0.008261919021606445,375,2,0.008261919021606445,0.0,1,7_spike
1.3870959281921387,7731,18,0.08159387812894933,0.015398653031813448,1,7_spike
4.006449937820435,6845,20,0.21086578620107552,0.17014690686379172,1,7_spike
3.831449031829834,6874,20,0.2016552122015702,0.18788822257487697,1,7_spike
38.65235495567322,7059,24,1.680537171985792,15.95154376018193,1,7_spike
3.196624994277954,6874,20,0.16824342075147128,0.12365953525606907,1,7_spike
3.181962013244629,6791,19,0.17677566740247938,0.11526659328646607,1,7_spike
60.06195902824402,14630,145,0.41709693769613904,0.04005932253533273,1,7_spike
4.178547143936157,6874,20,0.2199235338913767,0.3291110615744561,1,7_spike
58.38404393196106,7005,23,2.653820178725503,33.16444237849552,1,7_spike
29.934030055999756,13649,42,0.7300982940487746,16.139937794339875,1,7_spike
89.01081490516663,160328,220,0.40644207719254166,10.052759283529294,1,7_spike
0.005637168884277344,238,2,0.005637168884277344,0.0,1,7_spike
3.768320083618164,6845,20,0.19833263597990336,0.1184078797919998,1,7_spike
35.93316292762756,7005,23,1.6333255876194348,14.454722045663054,1,7_spike
3.2908518314361572,6874,20,0.17320272797032407,0.13699091485508816,1,7_spike
3.399531126022339,6791,19,0.18886284033457437,0.14166057645835414,1,7_spike
40.82541298866272,7005,23,1.85570059039376,18.972527787215927,1,7_spike
3.1211750507354736,6874,20,0.1642723710913407,0.12342793490482039,1,7_spike
35.735111951828,7059,24,1.5537005196446958,13.672448187322333,1,7_spike
3.2410900592803955,6791,19,0.18006055884891087,0.11758385390563217,1,7_spike
0.012141942977905273,367,2,0.012141942977905273,0.0,1,7_spike
0.011777162551879883,307,2,0.011777162551879883,0.0,1,7_spike
8.339686155319214,23093,43,0.1985639560790289,0.4579215845854331,1,7_spike
8.204272031784058,10456,22,0.3906796205611456,2.012623211602582,1,7_spike
3.31181001663208,6928,21,0.165590500831604,0.13835161994777476,1,7_spike
41.145352840423584,7005,23,1.8702433109283447,18.296217204466927,1,7_spike
4.537888050079346,6928,21,0.22689440250396728,0.19340795139140085,1,7_spike
3.453716993331909,6928,21,0.17268584966659545,0.11360612175758134,1,7_spike
1.1474320888519287,18113,29,0.04097971745899746,0.008879622655717623,1,7_spike
58.29639196395874,10927,27,2.2421689216907206,41.13693525562912,1,7_spike
3.091602087020874,6874,20,0.1627158993168881,0.1246771557079029,1,7_spike
3.277523994445801,6845,20,0.17250126286556847,0.12542220929404432,1,7_spike
7.092516899108887,17491,38,0.1916896459218618,0.3738849719664187,1,7_spike
6.875717878341675,10328,22,0.32741513706388925,1.2529583796482184,1,7_spike
37.61154103279114,7005,23,1.7096155014905063,15.860839592438579,1,7_spike
3.210012912750244,6874,20,0.16894804803948654,0.12709608729354055,1,7_spike
3.2156529426574707,6791,19,0.17864738570319283,0.12223156860316589,1,7_spike
3.192949056625366,6791,19,0.17738605870140922,0.12170443642120334,1,7_spike
3.1356799602508545,6874,20,0.16503578738162392,0.11602404299270179,1,7_spike
36.46911096572876,7005,23,1.65768686207858,14.852794605605645,1,7_spike
3.270756959915161,6874,20,0.17214510315342954,0.12109414168861812,1,7_spike
0.033232927322387695,321,2,0.033232927322387695,0.0,1,7_spike
0.7036700248718262,6893,24,0.030594348907470703,0.0019851622623669437,1,7_spike
36.3261981010437,6922,22,1.7298189571925573,15.342240401312587,1,7_spike
43.862247943878174,11010,109,0.4061319254062794,0.03903181248583622,1,7_spike
3.3169138431549072,6791,19,0.18427299128638375,0.13669010573448434,1,7_spike
3.4165570735931396,6874,20,0.17981879334700734,0.13380210706518994,1,7_spike
0.020272016525268555,238,2,0.020272016525268555,0.0,1,7_spike
37.81088900566101,7005,23,1.7186767729845913,16.095984107887666,1,7_spike
3.2920138835906982,6791,19,0.18288966019948324,0.13515059949786554,1,7_spike
3.373544931411743,6845,20,0.17755499639009176,0.12179804898474622,1,7_spike
3.2452480792999268,6874,20,0.17080253048946983,0.12428752883992733,1,7_spike
3.6300768852233887,6874,20,0.19105667816965202,0.1902303167010298,1,7_spike
4.16719388961792,17083,32,0.13442560934251355,0.19851170277450034,1,7_spike
0.006374835968017578,307,2,0.006374835968017578,0.0,1,7_spike
1.9019200801849365,21119,33,0.059435002505779266,0.016312654056040488,1,7_spike
3.893031120300293,10412,20,0.204896374752647,0.3257061968703705,1,7_spike
29.856593132019043,6814,20,1.5713996385273181,20.173185381121428,1,7_spike
5.7377028465271,51505,62,0.0940607024020836,0.158847912760383,1,7_spike
0.8836879730224609,6262,12,0.08033527027476918,0.017141205797639857,1,7_spike
0.00952911376953125,322,2,0.00952911376953125,0.0,1,7_spike
0.013159990310668945,253,2,0.013159990310668945,0.0,1,7_spike
6.8671040534973145,31546,66,0.10564775466918945,0.28705452433851686,1,7_spike
0.00929403305053711,240,2,0.00929403305053711,0.0,1,7_spike
0.005485057830810547,316,2,0.005485057830810547,0.0,1,7_spike
4.89910888671875,24813,45,0.1113433837890625,0.35764859807180344,1,7_spike
1.466048002243042,13954,27,0.05638646162473238,0.013314010679203145,1,7_spike
1.18218994140625,14193,26,0.04728759765625,0.01007337370939731,1,7_spike
0.00424504280090332,292,2,0.00424504280090332,0.0,1,7_spike
0.004086017608642578,221,2,0.004086017608642578,0.0,1,7_spike
0.005301952362060547,235,2,0.005301952362060547,0.0,1,7_spike
0.005099058151245117,164,2,0.005099058151245117,0.0,1,7_spike
0.8254280090332031,8576,14,0.06349446223332332,0.01271964179806657,1,7_spike
6.3649749755859375,12990,33,0.19890546798706055,0.6740274736766239,1,7_spike
6.1359758377075195,17627,41,0.15339939594268798,0.5632351086997609,1,7_spike
0.006440162658691406,156,2,0.006440162658691406,0.0,1,7_spike
1.9565610885620117,8243,34,0.0592897299564246,0.008484097071142947,1,7_spike
6.099255084991455,9232,21,0.30496275424957275,1.1796140305839942,1,7_spike
0.003982067108154297,349,2,0.003982067108154297,0.0,1,7_spike
0.0039768218994140625,278,2,0.0039768218994140625,0.0,1,7_spike
5.662514925003052,48816,68,0.08451514813437391,0.22039198445689273,1,7_spike
0.00584101676940918,297,2,0.00584101676940918,0.0,1,7_spike
1.213818073272705,11614,24,0.0527746988379437,0.011148519397442653,1,7_spike
0.5673649311065674,8569,14,0.04364345623896672,0.009904048755073796,1,7_spike
7.5522918701171875,330,5,1.8880729675292969,2.247934549384098,1,7_spike
5.3511669635772705,9156,20,0.2816403665040669,0.8811402501828048,1,7_spike
0.005691051483154297,307,2,0.005691051483154297,0.0,1,7_spike
1.4390161037445068,12635,23,0.06540982289747758,0.012324229927273923,1,7_spike
0.013703107833862305,388,2,0.013703107833862305,0.0,1,7_spike
5.948369979858398,70919,86,0.06998082329245174,0.053195119420460006,1,7_spike
0.11563396453857422,375,2,0.11563396453857422,0.0,1,7_spike
0.07765603065490723,375,2,0.07765603065490723,0.0,1,7_spike
3.5849850177764893,38738,61,0.05974975029627482,0.019989487062076875,1,7_spike
1.4200401306152344,7692,19,0.07889111836751302,0.012990278078423977,1,7_spike
1.3843560218811035,7691,19,0.07690866788228352,0.012722103664815325,1,7_spike
3.3611040115356445,10220,20,0.17690021113345497,0.2003412624582028,1,7_spike
1.3453009128570557,7691,19,0.07473893960316975,0.012544020462562524,1,7_spike
1.3708651065826416,7692,19,0.07615917258792454,0.012243603103575508,1,7_spike
1.8072600364685059,9138,21,0.0903630018234253,0.01749592324562116,1,7_spike
0.03537893295288086,316,2,0.03537893295288086,0.0,1,7_spike
0.005856990814208984,316,2,0.005856990814208984,0.0,1,7_spike
1.2500839233398438,15366,29,0.04464585440499442,0.009169603281438937,1,7_spike
1.266045093536377,15408,29,0.04521589619772775,0.009796614591300393,1,7_spike
2.945176124572754,16836,28,0.10908059720639829,0.15745391269226072,1,7_spike
0.0052089691162109375,222,2,0.0052089691162109375,0.0,1,7_spike
0.009571075439453125,172,2,0.009571075439453125,0.0,1,7_spike
0.17572498321533203,9238,20,0.00924868332712274,0.0002442424266721263,1,7_spike
1.8828651905059814,9218,31,0.06276217301686605,0.009852232302460998,1,7_spike
5.665446043014526,1420,14,0.4358035417703482,0.04977520119004334,1,8_session_replays
230.22665691375732,13893,157,1.4758119032933161,5.994021219756991,1,8_session_replays
10.08585000038147,2605,37,0.2801625000105964,0.40135979362538027,1,8_session_replays
59.89858603477478,14674,145,0.4159624030192693,0.040571848930012394,1,8_session_replays
220.11929607391357,4947,51,4.402385921478271,40.14223775829677,1,8_session_replays
0.11988711357116699,8982,15,0.008563365255083357,0.00017223958931097334,1,8_session_replays
30.05582904815674,13236,71,0.42936898640223914,1.2234294253952998,1,8_session_replays
1.6629970073699951,4383,22,0.07919033368428548,0.08474845175565779,1,8_session_replays
1.420470952987671,24652,33,0.044389717280864716,0.009718974168203276,1,8_session_replays
182.25238513946533,7689,27,7.009707120748667,197.30106639720486,1,8_session_replays
145.84637212753296,5291,23,6.629380551251498,237.52234172884752,1,8_session_replays
0.018970012664794922,238,2,0.018970012664794922,0.0,1,8_session_replays
3.9752800464630127,6711,19,0.22084889147016737,0.2665165244514036,1,8_session_replays
0.016572952270507812,314,2,0.016572952270507812,0.0,1,8_session_replays
0.859004020690918,9086,20,0.04521073793110095,0.005658301062365712,1,8_session_replays
220.15317511558533,43584,120,1.8500266816435742,33.00291474600974,1,8_session_replays
220.08156609535217,2568,36,6.288044745581491,85.7073618114341,1,8_session_replays
4.247374057769775,6508,19,0.23596522543165419,0.35117340590496277,1,8_session_replays
0.008208036422729492,316,2,0.008208036422729492,0.0,1,8_session_replays
1.516296148300171,6839,23,0.06892255219546231,0.011151176864629754,1,8_session_replays
210.2506880760193,2392,32,6.782280260516751,154.2478471926597,1,8_session_replays
0.006000995635986328,222,2,0.006000995635986328,0.0,1,8_session_replays
0.005460023880004883,271,2,0.005460023880004883,0.0,1,8_session_replays
156.05573987960815,125365,195,0.8044110303072586,8.47926794158687,1,8_session_replays
42.24229693412781,6658,22,2.011537949244181,16.345502081494324,1,8_session_replays
133.35476994514465,525,9,16.66934624314308,344.680395586557,1,8_session_replays
4.704974889755249,6848,21,0.23524874448776245,0.31631249227388525,1,8_session_replays
0.4272470474243164,1445,8,0.061035292489188056,0.0067897188002243826,1,8_session_replays
0.01397705078125,318,2,0.01397705078125,0.0,1,8_session_replays
1.6891870498657227,9777,27,0.06496873268714318,0.012596490286717955,1,8_session_replays
131.09145283699036,603,10,14.565716981887817,425.07106623512834,1,8_session_replays
5.64832615852356,6591,20,0.2972803241328189,0.7018183188412941,1,8_session_replays
48.799697160720825,6795,24,2.121725963509601,20.093684495722954,1,8_session_replays
194.97872710227966,892,13,16.248227258523304,428.4606444698806,1,8_session_replays
0.008307933807373047,174,2,0.008307933807373047,0.0,1,8_session_replays
0.012480974197387695,218,2,0.012480974197387695,0.0,1,8_session_replays
4.277379989624023,12742,32,0.1379799996652911,0.48093154048421705,1,8_session_replays
0.005903005599975586,235,2,0.005903005599975586,0.0,1,8_session_replays
0.00569605827331543,279,2,0.00569605827331543,0.0,1,8_session_replays
0.3774569034576416,447554,441,0.0008578565987673672,0.00013118657139928733,1,8_session_replays
4.529132843017578,6794,20,0.23837541279039884,0.3554057888308946,1,8_session_replays
30.037235975265503,11872,69,0.4417240584597868,1.3733563756970906,1,8_session_replays
41.9971399307251,6722,23,1.9089609059420498,19.002330643241695,1,8_session_replays
9.254815816879272,6664,21,0.46274079084396363,2.6848915550332118,1,8_session_replays
0.0077021121978759766,316,2,0.0077021121978759766,0.0,1,8_session_replays
1.4139502048492432,16456,28,0.05236852610552752,0.011996996977621847,1,8_session_replays
4.537590026855469,6794,20,0.2388205277292352,0.3618214251276324,1,8_session_replays
42.85826921463013,6639,22,2.040869962601435,20.34683792685193,1,8_session_replays
10.347123861312866,6527,19,0.5748402145173814,3.595125688367161,1,8_session_replays
5.425235033035278,6765,20,0.28553868594922516,0.3582800071024566,1,8_session_replays
0.009174108505249023,330,2,0.009174108505249023,0.0,1,8_session_replays
1.1427319049835205,11083,27,0.04395122711475079,0.005495051119868842,1,8_session_replays
60.061227798461914,187005,842,0.07141644209091785,0.022509697104216388,1,8_session_replays
4.63764500617981,6508,19,0.2576469447877672,0.3522555729287744,1,8_session_replays
0.17130208015441895,9257,20,0.009015898955495734,0.0002743208261211185,1,8_session_replays
30.017334938049316,13266,70,0.43503383968187415,1.3702227143623802,1,8_session_replays
9.636976957321167,6610,20,0.5072093135432193,2.90649822266239,1,8_session_replays
0.005805015563964844,238,2,0.005805015563964844,0.0,1,8_session_replays
5.011074066162109,6794,20,0.26374074032432154,0.45568399893043715,1,8_session_replays
4.972132205963135,6574,20,0.26169116873490184,0.3380653172430958,1,8_session_replays
42.19109487533569,6741,23,1.917777039787986,15.784035230990536,1,8_session_replays
4.6925108432769775,6794,20,0.2469742549093146,0.34862458577290506,1,8_session_replays
4.554574966430664,6591,20,0.23971447191740336,0.34818657903968936,1,8_session_replays
9.270709991455078,6610,20,0.48793210481342514,2.668120516844495,1,8_session_replays
30.12462592124939,13227,72,0.42429050593309,1.3138849465489701,1,8_session_replays
0.006563901901245117,156,2,0.006563901901245117,0.0,1,8_session_replays
1.9418480396270752,8243,34,0.05884387998869925,0.00754547664803601,1,8_session_replays
37.114707946777344,6925,23,1.6870321793989702,14.856871371482935,1,8_session_replays
0.005212068557739258,405,2,0.005212068557739258,0.0,1,8_session_replays
0.0060710906982421875,365,2,0.0060710906982421875,0.0,1,8_session_replays
5.560366153717041,78096,86,0.06541607239667108,0.3047440825724875,1,8_session_replays
4.429937124252319,6591,20,0.2331545854869642,0.41610288827431463,1,8_session_replays
10.070534944534302,6581,20,0.5300281549754896,2.994411145271865,1,8_session_replays
4.843979835510254,6765,20,0.25494630713211863,0.34220403901439306,1,8_session_replays
4.698156118392944,6591,20,0.24727137465226023,0.37118048006691695,1,8_session_replays
45.06226587295532,6795,24,1.9592289509980574,17.57673127586828,1,8_session_replays
60.040372133255005,717374,3045,0.019724169557573917,0.00023027739487656998,1,8_session_replays
5.220890998840332,6765,20,0.2747837367810701,0.45194740310797943,1,8_session_replays
0.024084091186523438,238,2,0.024084091186523438,0.0,1,8_session_replays
39.60513401031494,6693,23,1.8002333641052246,15.882312141729498,1,8_session_replays
0.0518031120300293,121,2,0.0518031120300293,0.0,1,8_session_replays
0.18015408515930176,9253,20,0.009481793955752724,0.00033764414062434074,1,8_session_replays
0.8900821208953857,28379,44,0.020699584206869435,0.002868292324687275,1,8_session_replays
9.935972929000854,6581,20,0.5229459436316239,2.9289522377844377,1,8_session_replays
4.893689155578613,6794,20,0.2575625871357165,0.39468892350773654,1,8_session_replays
4.664320945739746,6645,21,0.2332160472869873,0.3138631138374365,1,8_session_replays
9.388964176177979,6527,19,0.5216091208987765,2.8819680454320777,1,8_session_replays
0.00602412223815918,222,2,0.00602412223815918,0.0,1,8_session_replays
0.005606174468994141,172,2,0.005606174468994141,0.0,1,8_session_replays
0.20174598693847656,14233,26,0.008069839477539063,0.00028089989989839526,1,8_session_replays
0.34877705574035645,5519,15,0.02491264683859689,0.0006100712011774523,1,8_session_replays
0.2697620391845703,1866,10,0.0299735599093967,0.0018474924142964605,1,8_session_replays
4.393674850463867,6711,19,0.24409304724799263,0.33315722048558394,1,8_session_replays
4.823653936386108,6591,20,0.2538765229676899,0.4337505239989543,1,8_session_replays
9.770601987838745,6676,21,0.48853009939193726,2.6402450790102465,1,8_session_replays
4.279093027114868,6794,20,0.2252154224797299,0.30832405550998326,1,8_session_replays
34.47812104225159,6722,23,1.567187320102345,12.193440550353285,1,8_session_replays
9.335940837860107,6610,20,0.49136530725579514,2.710163214116897,1,8_session_replays
33.921035051345825,6842,22,1.6152873833974202,12.2390729849795,1,8_session_replays
4.43965220451355,6591,20,0.23366590550071314,0.31795103754710774,1,8_session_replays
48.120502948760986,521319,2247,0.021424979051095718,0.0009657076638566303,1,8_session_replays
0.02397608757019043,222,2,0.02397608757019043,0.0,1,8_session_replays
0.023333072662353516,172,2,0.023333072662353516,0.0,1,8_session_replays
9.425458908081055,6610,20,0.496076784635845,2.860595733123237,1,8_session_replays
0.16749191284179688,9261,20,0.008815363833778784,0.0002938085248164009,1,8_session_replays
30.595860958099365,10447,25,1.2748275399208069,11.02908957194928,1,8_session_replays
0.8102059364318848,6358,12,0.07365508513017134,0.01450920808431025,1,8_session_replays
0.00634002685546875,238,2,0.00634002685546875,0.0,1,8_session_replays
5.048579931259155,6711,19,0.2804766628477309,0.4932873382310412,1,8_session_replays
5.357975006103516,6645,21,0.2678987503051758,0.40554146556162085,1,8_session_replays
8.22747802734375,6664,21,0.4113739013671875,1.6716527236293905,1,8_session_replays
0.006226062774658203,367,2,0.006226062774658203,0.0,1,8_session_replays
0.005784034729003906,307,2,0.005784034729003906,0.0,1,8_session_replays
1.319032907485962,14381,28,0.04885307064762822,0.009561241371974592,1,8_session_replays
1.019860029220581,10240,18,0.059991766424740064,0.0115918184036764,1,8_session_replays
13.202989101409912,17921,28,0.48899959634851525,2.5374137787719717,1,8_session_replays
0.6076278686523438,7021,17,0.037976741790771484,0.004223022677102506,1,9_stealth
0.258253812789917,1216,5,0.06456345319747925,0.007809263306210568,1,9_stealth
270.2082040309906,2990,40,6.928415487974118,156.7753016492346,1,9_stealth
48.046164989471436,5422,57,0.857967231954847,0.07715080473288016,1,9_stealth
0.2531919479370117,108,2,0.2531919479370117,0.0,1,9_stealth
0.2522571086883545,162,3,0.12612855434417725,0.01589049472001136,1,9_stealth
36.78212380409241,175,3,18.391061902046204,336.2465225255154,1,9_stealth
15.623378992080688,1969,28,0.5786436663733588,1.519144759672807,1,9_stealth
278.659903049469,6821,80,3.527340544929987,22.109488241566293,1,9_stealth
280.0388309955597,8432,97,2.917071156203747,28.85925692124844,1,9_stealth
0.007333993911743164,238,2,0.007333993911743164,0.0,1,9_stealth
28.73135495185852,6899,20,1.5121765764136064,24.171495736000914,1,9_stealth
0.006905794143676758,310,2,0.006905794143676758,0.0,1,9_stealth
1.5304038524627686,11339,20,0.08054757118225098,0.018514383894691826,1,9_stealth
9.454753160476685,361,6,1.8909506320953369,14.137666812660887,1,9_stealth
0.00795602798461914,612,2,0.00795602798461914,0.0,1,9_stealth
0.17744207382202148,162,3,0.08872103691101074,0.007854382511141011,1,9_stealth
1.187021017074585,12843,26,0.047480840682983395,0.009541525838071357,1,9_stealth
275.11316204071045,6111,63,4.437309065172749,40.30915897307253,1,9_stealth
260.1548898220062,50848,140,1.871617912388534,33.352150021543856,1,9_stealth
267.15732502937317,629302,727,0.3679852961837096,7.113054273820898,1,9_stealth
30.044960021972656,13432,75,0.40601297326990077,1.2666087225815952,1,9_stealth
30.275219917297363,13724,43,0.720838569459461,12.886133405687426,1,9_stealth
33.10680818557739,87528,122,0.27360998500477185,2.871312214495565,1,9_stealth
21.49136209487915,469,8,3.070194584982736,51.84904958773202,1,9_stealth
0.006105899810791016,238,2,0.006105899810791016,0.0,1,9_stealth
29.083652019500732,6899,20,1.5307185273421438,24.50187911608344,1,9_stealth
240.07867288589478,1013,15,17.14847663470677,443.98033107723586,1,9_stealth
77.32937002182007,1276,14,5.9484130786015434,54.598383891182685,1,9_stealth
0.006353139877319336,222,2,0.006353139877319336,0.0,1,9_stealth
0.005995035171508789,271,2,0.005995035171508789,0.0,1,9_stealth
0.38731813430786133,13430,21,0.019365906715393066,0.003514450654026291,1,9_stealth
59.135823011398315,7064,74,0.810079767279429,0.10168633148461155,1,9_stealth
30.011667013168335,11934,70,0.43495169584301935,1.369972369844789,1,9_stealth
28.999943017959595,7114,23,1.3181792280890725,20.741264993941126,1,9_stealth
28.36778211593628,6982,21,1.4183891057968139,22.26122693099645,1,9_stealth
30.033127784729004,12434,77,0.39517273400959213,1.0418979257717687,1,9_stealth
0.006501913070678711,405,2,0.006501913070678711,0.0,1,9_stealth
0.005811929702758789,365,2,0.005811929702758789,0.0,1,9_stealth
0.935168981552124,78096,86,0.011001988018260283,0.004119596356826006,1,9_stealth
0.006205081939697266,238,2,0.006205081939697266,0.0,1,9_stealth
54.65761399269104,6982,21,2.732880699634552,108.83441931664929,1,9_stealth
0.005773067474365234,156,2,0.005773067474365234,0.0,1,9_stealth
1.787790060043335,8297,35,0.05258206058950985,0.006793194920393103,1,9_stealth
0.0054700374603271484,349,2,0.0054700374603271484,0.0,1,9_stealth
0.005273103713989258,278,2,0.005273103713989258,0.0,1,9_stealth
4.700973987579346,12384,30,0.1621025512958395,0.3550485842377063,1,9_stealth
4.439076900482178,9257,21,0.2219538450241089,0.5157474584930066,1,9_stealth
12.310687065124512,19622,70,0.1784157545670219,0.610235714663864,1,9_stealth
174.88479781150818,1853770,2828,0.06186232678157346,0.3265473201537082,1,9_stealth
147.39881992340088,17327,111,1.339989272030917,51.28086879291722,1,9_stealth
142.4387640953064,25736,81,1.7804845511913299,71.56156817638313,1,9_stealth
59.18983006477356,7166,75,0.799862568442886,0.11197442932382358,1,9_stealth
30.02614998817444,14744,75,0.4057587836239789,1.069509071262226,1,9_stealth
83.11179709434509,104836,133,0.6296348264723113,18.561401021275824,1,9_stealth
11.759206056594849,6167,18,0.6917180033291087,5.103361213046682,1,9_stealth
0.006117820739746094,316,2,0.006117820739746094,0.0,1,9_stealth
1.2653429508209229,15164,28,0.04686455373410826,0.010920142903947556,1,9_stealth
1.176440954208374,23061,31,0.03921469847361247,0.008446948370948282,1,9_stealth
78.83456707000732,25661,44,1.8333620248838913,49.93069782052553,1,9_stealth
30.042097091674805,12390,76,0.4005612945556641,1.0660360828369404,1,9_stealth
28.476693868637085,6982,21,1.4238346934318542,22.864423957397168,1,9_stealth
0.8142240047454834,10752,23,0.03701018203388561,0.0030522816830423033,1,9_stealth
0.05767989158630371,121,2,0.05767989158630371,0.0,1,9_stealth
0.006712913513183594,238,2,0.006712913513183594,0.0,1,9_stealth
66.01075005531311,7113,24,2.87003261110057,35.04639472514454,1,9_stealth
0.0058820247650146484,222,2,0.0058820247650146484,0.0,1,9_stealth
0.006081104278564453,172,2,0.006081104278564453,0.0,1,9_stealth
28.943830013275146,18271,68,0.4319974628847037,8.576856793158932,1,9_stealth
59.248826026916504,7370,77,0.7795898161436382,0.11273464104713993,1,9_stealth
30.03822898864746,11869,69,0.44173866159775677,1.1533009823209235,1,9_stealth
63.7132830619812,7113,24,2.7701427418252695,32.5320433471358,1,9_stealth
76.90732097625732,188288,228,0.33879877082051685,5.4818777571060435,1,9_stealth
0.7280919551849365,380186,407,0.001793329938879154,0.00012378758920952951,1,9_stealth
30.027071952819824,11797,68,0.44816525302716154,1.4000976123788968,1,9_stealth
0.0065419673919677734,238,2,0.0065419673919677734,0.0,1,9_stealth
65.01637387275696,7113,24,2.826798864032911,33.58042341853133,1,9_stealth
0.8714640140533447,8355,23,0.0396120006387884,0.0025868249515752016,1,9_stealth
58.30822992324829,6970,73,0.8098365267117819,0.10523924820203906,1,9_stealth
28.920217990875244,6982,21,1.4460108995437622,22.72951999857242,1,9_stealth
1.9323370456695557,11454,31,0.06441123485565185,0.08603822214188374,1,9_stealth
34.5217821598053,13521,76,0.46029042879740395,1.716001847323489,1,9_stealth
21.902240991592407,6982,21,1.0951120495796203,11.321526139324497,1,9_stealth
21.542392015457153,11089,58,0.3779367020255641,1.3857246519261233,1,9_stealth
0.006098031997680664,368,2,0.006098031997680664,0.0,1,9_stealth
0.005851030349731445,307,2,0.005851030349731445,0.0,1,9_stealth
11.1909339427948,14653,33,0.3497166857123375,2.8401423372919345,1,9_stealth
1.4292559623718262,25269,35,0.042036940069759596,0.009114294159576038,1,9_stealth
0.0317990779876709,156,2,0.0317990779876709,0.0,1,9_stealth
0.006291866302490234,156,2,0.006291866302490234,0.0,1,9_stealth
1.8426649570465088,8244,34,0.05583833203171239,0.006927849430453463,1,9_stealth
0.7846131324768066,6380,13,0.06538442770640056,0.012816653103734485,1,9_stealth
0.6111490726470947,7097,17,0.03819681704044342,0.004362743420020854,0,10_random
0.3037850856781006,12569,19,0.016876949204338923,0.0013997404232445677,0,10_random
0.7461199760437012,8708,17,0.04663249850273132,0.014888819431710054,0,10_random
0.8848459720611572,11698,20,0.04657084063479775,0.008719135544908435,0,10_random
0.36168503761291504,14040,27,0.013910962985112118,0.0018124279258919438,0,10_random
0.33272409439086914,9465,18,0.019572005552404067,0.0020723892762661046,0,10_random
9.429518938064575,11191,21,0.47147594690322875,3.552798549571449,0,10_random
0.7097859382629395,36688,42,0.01731185215275462,0.0022259789343920446,0,10_random
0.7000408172607422,36576,42,0.017074166274652247,0.0022713469335640312,0,10_random
0.10857009887695312,674,3,0.05428504943847656,0.0015152431742535555,0,10_random
0.006162166595458984,612,2,0.006162166595458984,0.0,0,10_random
23.00705099105835,2868,30,0.7933465858985638,0.10272179204836596,0,10_random
1.9348649978637695,392,5,0.4837162494659424,0.6363246512640046,0,10_random
379.9080650806427,5848,76,5.065440867741903,67.9156073981361,0,10_random
0.006270885467529297,314,2,0.006270885467529297,0.0,0,10_random
1.7556309700012207,6838,23,0.07980140772732822,0.01512792805653706,0,10_random
381.68674302101135,9878,111,3.469879482009194,21.582316354363833,0,10_random
30.06945300102234,13335,73,0.4176312916808658,1.081681669974547,0,10_random
360.23824191093445,3887,52,7.063494939430087,158.3182119447196,0,10_random
371.3757119178772,8148,84,4.4744061676852676,40.49529932881207,0,10_random
0.006617069244384766,164,2,0.006617069244384766,0.0,0,10_random
5.773560047149658,6966,20,0.3038715814289294,1.428810511471688,0,10_random
0.020374059677124023,314,2,0.020374059677124023,0.0,0,10_random
0.9344758987426758,9083,20,0.0491829420390882,0.006243499771876122,0,10_random
360.15344882011414,69008,190,1.9055738032810272,33.89827962621512,0,10_random
0.005633831024169922,174,2,0.005633831024169922,0.0,0,10_random
1.7974629402160645,6944,18,0.10573311413035673,0.10983481945609018,0,10_random
6.213032960891724,6966,20,0.3270017347837749,1.6398561213103267,0,10_random
0.006008148193359375,156,2,0.006008148193359375,0.0,0,10_random
1.8010749816894531,8243,34,0.054578029748165245,0.006884154865705793,0,10_random
330.2498300075531,1255,19,18.347212778197395,462.5506608781155,0,10_random
13.659258842468262,13698,42,0.33315265469434785,2.5058167511807237,0,10_random
39.168747901916504,110576,163,0.24178239445627472,2.030619886670555,0,10_random
0.007754087448120117,202,2,0.007754087448120117,0.0,0,10_random
7.260806083679199,30680,42,0.17709283130924877,0.886352631656597,0,10_random
205.60872197151184,97657,134,1.545930240387307,50.96205077631146,0,10_random
75.16999006271362,3736,17,4.698124378919601,130.34616822449283,0,10_random
59.536306858062744,7166,75,0.8045446872711182,0.09897315363339909,0,10_random
0.042324066162109375,162,3,0.021162033081054688,0.0004442364575538704,0,10_random
0.041723012924194336,162,3,0.020861506462097168,0.00043233236000617126,0,10_random
202.50388193130493,845,14,15.577221687023457,419.37518303626825,0,10_random
2.5886940956115723,30625,41,0.0647173523902893,0.07893036648583732,0,10_random
5.816053867340088,6912,19,0.323114103741116,1.3287308741396915,0,10_random
0.009158134460449219,349,2,0.009158134460449219,0.0,0,10_random
0.00876617431640625,278,2,0.00876617431640625,0.0,0,10_random
30.389644145965576,13846,34,0.9208983074535023,7.0705889778054285,0,10_random
39.39852595329285,9277,23,1.7908420887860386,17.938594299275504,0,10_random
30.0475070476532,13964,80,0.38034819047662277,1.0465647397710833,0,10_random
1.1673688888549805,20427,29,0.041691746030535014,0.009536396662203782,0,10_random
39.14635896682739,24416,40,1.0037527940212152,34.93225660507991,0,10_random
198.973130941391,845,14,15.305625457030077,416.45331390260526,0,10_random
0.0221560001373291,208,2,0.0221560001373291,0.0,0,10_random
3.271247148513794,13885,25,0.13630196452140808,0.26856646710960924,0,10_random
21.708345890045166,7104,23,0.986742995002053,4.843154289166993,0,10_random
3.209569215774536,6966,20,0.16892469556708084,0.32065848687842297,0,10_random
7.378551006317139,6944,18,0.4340324121363023,2.5222837505008653,0,10_random
0.005883932113647461,307,2,0.005883932113647461,0.0,0,10_random
23.984778881072998,378,7,3.9974631468454995,16.764143509822187,0,10_random
6.745870113372803,30733,43,0.16061595508030482,0.7372998465082128,0,10_random
4.518822908401489,6966,20,0.23783278465270996,0.7798273380270937,0,10_random
6.8671300411224365,6965,20,0.3614278969011809,1.881594839980646,0,10_random
30.037008047103882,12359,76,0.40049344062805176,1.1833270106922629,0,10_random
6.167946100234985,13994,27,0.23722869616288406,1.1535364955564074,0,10_random
6.211193084716797,30627,41,0.15527982711791993,0.717529262947898,0,10_random
0.00711512565612793,174,2,0.00711512565612793,0.0,0,10_random
3.8950791358947754,6945,18,0.22912230211145737,0.6810831199152896,0,10_random
0.006464958190917969,415,2,0.006464958190917969,0.0,0,10_random
2.395724058151245,63543,69,0.035231236149283016,0.051883706267071915,0,10_random
4.9146568775177,13776,23,0.22339349443262274,0.8683238787523038,0,10_random
7.301003932952881,13778,23,0.33186381513422186,2.0505215043419156,0,10_random
59.59371209144592,7370,77,0.7841277906769201,0.10346154615738003,0,10_random
30.247650861740112,15174,78,0.3928266345680534,1.2127967190028905,0,10_random
0.039156198501586914,238,2,0.039156198501586914,0.0,0,10_random
0.005525112152099609,238,2,0.005525112152099609,0.0,0,10_random
39.800344944000244,6987,23,1.8091065883636475,16.712948620891325,0,10_random
5.873439073562622,13724,22,0.27968757493155344,1.2988859522860257,0,10_random
0.04468703269958496,121,2,0.04468703269958496,0.0,0,10_random
0.0053958892822265625,222,2,0.0053958892822265625,0.0,0,10_random
0.008274078369140625,172,2,0.008274078369140625,0.0,0,10_random
22.02045702934265,11457,31,0.7340152343114217,15.232010127640898,0,10_random
5.934174060821533,13887,25,0.24725725253423056,1.173074475498557,0,10_random
0.006543159484863281,316,2,0.006543159484863281,0.0,0,10_random
1.2594079971313477,21202,34,0.03816387870094993,0.008242672111265786,0,10_random
5.2935168743133545,6854,20,0.2786061512796502,0.6563658080324923,0,10_random
0.006513118743896484,512,2,0.006513118743896484,0.0,0,10_random
0.006060123443603516,289,2,0.006060123443603516,0.0,0,10_random
0.05462193489074707,162,3,0.027310967445373535,0.0007412600001686087,0,10_random
0.007436990737915039,380,2,0.007436990737915039,0.0,0,10_random
0.038925886154174805,162,3,0.019462943077087402,0.0003772949168165951,0,10_random
0.03877711296081543,162,3,0.019388556480407715,0.00037247557726516334,0,10_random
0.0060329437255859375,222,2,0.0060329437255859375,0.0,0,10_random
0.005677938461303711,172,2,0.005677938461303711,0.0,0,10_random
4.326738119125366,23441,77,0.05693076472533377,0.06489282527800562,0,10_random
127.4737319946289,11051,37,3.540936999850803,138.25701219122647,0,10_random
6.90221095085144,6946,18,0.4060124088736141,2.2712204709261634,0,10_random
126.17197585105896,11187,38,3.410053401379972,131.72932409040487,0,10_random
126.05737209320068,10235,32,4.066366841716151,148.28409111564366,0,10_random
0.1869831085205078,17120,28,0.006925300315574363,0.0001983709939725328,0,10_random
120.71454906463623,13104,40,3.0952448478111854,117.40417446856603,0,10_random
122.05370998382568,10715,31,4.068456999460856,152.14403585536823,0,10_random
0.006592988967895508,164,2,0.006592988967895508,0.0,0,10_random
5.7757298946380615,6966,20,0.30398578392831904,1.345218286719307,0,10_random
0.15529799461364746,162,3,0.07764899730682373,0.00601881901060608,0,10_random
3.5806150436401367,30570,40,0.09181064214461888,0.20141213178874795,0,10_random
30.171623945236206,12302,74,0.4133099170580302,1.284072523520867,0,10_random
5.509208917617798,30626,41,0.13773022294044496,0.5613316585422691,0,10_random
0.006114959716796875,301,2,0.006114959716796875,0.0,0,10_random
0.25510191917419434,162,3,0.12755095958709717,0.016246021950237832,0,10_random
56.81022810935974,6983,23,2.5822830958799883,37.612514171281035,0,10_random
0.006555795669555664,164,2,0.006555795669555664,0.0,0,10_random
4.8220789432525635,6964,20,0.2537936285922402,0.9451861036357548,0,10_random
4.018221139907837,31359,51,0.08036442279815674,0.21467485005871975,0,10_random
5.653604030609131,6966,20,0.2975581068741648,1.3537927840507782,0,10_random
0.023874998092651367,238,2,0.023874998092651367,0.0,0,10_random
5.588062047958374,6856,20,0.2941085288399144,0.7897598533297355,0,10_random
60.037086963653564,7370,77,0.789961670574389,0.09140278520225689,0,10_random
3.2191169261932373,15495,29,0.11496846164975848,0.250342449276689,0,10_random
4.073486089706421,6944,18,0.23961682880626006,0.7360989254749166,0,10_random
30.16896891593933,14686,72,0.42491505515407507,1.322208474242859,0,10_random
5.6260809898376465,13941,26,0.22504323959350586,1.0024522945885939,0,10_random
25.134719848632812,7160,22,1.1968914213634672,6.006278189009428,0,10_random
4.925668001174927,13939,26,0.19702672004699706,0.7098518020559073,0,10_random
4.171545028686523,6945,18,0.24538500168744257,0.6817885791058267,0,10_random
5.229429006576538,6946,18,0.30761347097509045,1.142039623191121,0,10_random
0.006012916564941406,383,2,0.006012916564941406,0.0,0,10_random
5.556253910064697,64738,79,0.07123402448800895,0.28386300903671724,0,10_random
41.920881032943726,6902,22,1.9962324301401775,16.609223655781506,0,10_random
0.16341590881347656,9245,20,0.00860083730597245,0.00025031369352368065,0,10_random
30.014759063720703,12300,75,0.4056048522124419,1.2855075377544158,0,10_random
0.006918907165527344,222,2,0.006918907165527344,0.0,0,10_random
0.0061070919036865234,271,2,0.0061070919036865234,0.0,0,10_random
5.541504144668579,24666,35,0.1629854160196641,0.30727966528818285,0,10_random
0.009156942367553711,371,2,0.009156942367553711,0.0,0,10_random
0.008686065673828125,310,2,0.008686065673828125,0.0,0,10_random
45.51947593688965,28236,53,0.8753745372478778,24.03325012603464,0,10_random
45.268616914749146,12707,22,2.155648424511864,87.27445549112934,0,10_random
6.834173917770386,30626,41,0.17085434794425963,0.791571366268023,0,10_random
0.00802302360534668,238,2,0.00802302360534668,0.0,0,10_random
42.49220514297485,7041,24,1.8474871801293415,15.869195431694138,0,10_random
4.641832113265991,6825,20,0.24430695332978902,0.2990156050541863,0,10_random
0.013566970825195312,316,2,0.013566970825195312,0.0,0,10_random
1.4772629737854004,12787,25,0.061552623907725014,0.014575804601065162,0,10_random
7.77032208442688,13885,25,0.3237634201844533,1.886182733597873,0,10_random
59.70331907272339,7064,74,0.8178536859277177,0.09436613368568066,0,10_random
4.070745944976807,6825,20,0.21424978657772667,0.23362943546189635,0,10_random
6.956967115402222,14225,30,0.2398954177724904,1.3248243472536863,0,10_random
16.725559949874878,11600,33,0.5226737484335899,8.176165279884227,0,10_random
0.3522069454193115,28182,37,0.009783526261647543,0.0010415455169751435,0,10_random
0.007740974426269531,202,2,0.007740974426269531,0.0,0,10_random
5.850159168243408,30626,41,0.1462539792060852,0.587473761244796,0,10_random
6.989069938659668,30679,42,0.17046512045511386,0.8887395621267857,0,10_random
0.0055348873138427734,156,2,0.0055348873138427734,0.0,0,10_random
20.998461961746216,8525,37,0.583290610048506,3.0944596783066323,0,10_random
0.007752895355224609,314,2,0.007752895355224609,0.0,0,10_random
1.4800879955291748,6838,23,0.06727672706950795,0.010878612355691477,0,10_random
1.14811110496521,10201,20,0.06042690026132684,0.012590855165570264,0,10_random
150.55415606498718,7257,19,8.364119781388176,279.1845145781226,0,10_random
6.965237140655518,6944,18,0.40971983180326577,2.3855478017101457,0,10_random
23.174428939819336,30818,45,0.5266915668140758,2.8218414043017357,0,10_random
0.005879878997802734,316,2,0.005879878997802734,0.0,0,10_random
1.1451539993286133,12843,26,0.04580615997314453,0.00929061179446071,0,10_random
2.0256459712982178,30680,42,0.04940599929995653,0.04570918322671717,0,10_random
0.007246971130371094,240,2,0.007246971130371094,0.0,0,10_random
4.262108087539673,9966,25,0.1775878369808197,0.6196954379892873,0,10_random
0.2717618942260742,5790,21,0.01358809471130371,0.0004022873032590724,0,10_random
4.587764024734497,6944,18,0.2698684720432057,0.9712562612798583,0,10_random
0.32826805114746094,5683,20,0.017277265849866365,0.000730733273963436,0,10_random
2.842270851135254,6943,18,0.16719240300795613,0.29565688266668616,0,10_random
23.173293828964233,9791,27,0.8912805318832397,4.561914331079791,0,10_random
0.006536960601806641,405,2,0.006536960601806641,0.0,0,10_random
0.006023883819580078,365,2,0.006023883819580078,0.0,0,10_random
90.22661209106445,78712,96,0.949753811484889,41.59629553692311,0,10_random
3.5902678966522217,6943,18,0.21119222921483657,0.5544505119289427,0,10_random
6.507537126541138,14226,30,0.2243978319496944,1.2153190665409397,0,10_random
4.279726028442383,9914,24,0.1860750447148862,0.666526280008025,0,10_random
6.323770999908447,30627,41,0.15809427499771117,0.7775235575111793,0,10_random
2.4186670780181885,13778,23,0.10993941263719038,0.1745583651418169,0,10_random
5.067223072052002,30626,41,0.12668057680130004,0.4776752006306837,0,10_random
59.76041007041931,7268,76,0.7968054676055908,0.10419270979112395,0,10_random
0.005979061126708984,367,2,0.005979061126708984,0.0,0,10_random
3.122307062149048,76986,90,0.035082101821899414,0.0728103778594201,0,10_random
0.00592494010925293,238,2,0.00592494010925293,0.0,0,10_random
5.202962160110474,6854,20,0.2738401136900249,0.6349671838083016,0,10_random
4.657180070877075,6906,21,0.23285900354385375,0.41651594117622304,0,10_random
0.0058100223541259766,164,2,0.0058100223541259766,0.0,0,10_random
5.456457138061523,6967,20,0.28718195463481705,1.2687202058457288,0,10_random
0.005614042282104492,349,2,0.005614042282104492,0.0,0,10_random
0.005464076995849609,278,2,0.005464076995849609,0.0,0,10_random
91.71852278709412,12482,30,3.1627076823135902,129.5863163291403,0,10_random
93.57000398635864,9614,27,3.59884630716764,88.30891310026503,0,10_random
3.498924970626831,30736,43,0.08330773739587694,0.18141384242913644,0,10_random
53.27044415473938,6900,22,2.5366878168923512,33.46289120559433,0,10_random
0.00628209114074707,367,2,0.00628209114074707,0.0,0,10_random
4.868575096130371,47679,64,0.07727896977984716,0.2977558302797301,0,10_random
0.006551980972290039,324,2,0.006551980972290039,0.0,0,10_random
84.82382392883301,1541,19,4.712434662712945,56.05713724270677,0,10_random
0.0055751800537109375,406,2,0.0055751800537109375,0.0,0,10_random
79.13958406448364,1589,20,4.165241266551771,52.39221285243425,0,10_random
0.007003068923950195,406,2,0.007003068923950195,0.0,0,10_random
79.04208207130432,1512,18,4.6495342394884895,56.122688700555074,0,10_random
3.582973003387451,30680,42,0.08738958544847442,0.19978168518485587,0,10_random
5.676508903503418,64059,92,0.06237921871981778,0.2858538635327531,0,10_random
6.11264705657959,6906,21,0.3056323528289795,0.8106713225738247,0,10_random
2.6116669178009033,7012,19,0.14509260654449463,0.23941048248006463,0,10_random
0.006657838821411133,367,2,0.006657838821411133,0.0,0,10_random
25.84764790534973,62731,76,0.3446353054046631,2.0688642468247704,0,10_random
0.005822896957397461,238,2,0.005822896957397461,0.0,0,10_random
6.237632989883423,6773,19,0.3465351661046346,1.0615049817871223,0,10_random
4.778046131134033,6944,18,0.2810615371255314,1.0509059464597272,0,10_random
5.46262001991272,30748,43,0.13006238142649332,0.5138039609631865,0,10_random
58.817089796066284,7072,74,0.8057135588502231,0.10696804512727687,0,10_random
0.3095259666442871,12569,19,0.01719588703579373,0.0013450216610304603,0,10_random
7.062230110168457,6771,19,0.39234611723158097,1.4476631345218727,0,10_random
0.008455038070678711,164,2,0.008455038070678711,0.0,0,10_random
6.115584850311279,6968,20,0.32187288685848836,1.6152422642729003,0,10_random
0.005733013153076172,415,2,0.005733013153076172,0.0,0,10_random
3.849898099899292,64288,72,0.05422391689999003,0.15053167586913752,0,10_random
3.6660521030426025,6967,20,0.19295011068645276,0.5352782151438,0,10_random
4.280184984207153,17128,31,0.1426728328069051,0.5044455617588282,0,10_random
0.006827831268310547,208,2,0.006827831268310547,0.0,0,10_random
4.1238720417022705,13940,26,0.16495488166809083,0.5335063559996476,0,10_random
0.005465030670166016,375,2,0.005465030670166016,0.0,0,10_random
1.2921960353851318,7728,18,0.07601153149324305,0.012997803797596333,0,10_random
1.366663932800293,7774,19,0.07592577404446071,0.012213057915349835,0,10_random
25.44596791267395,30820,45,0.5783174525607716,3.248970411790077,0,10_random
0.006027936935424805,368,2,0.006027936935424805,0.0,0,10_random
1.3236589431762695,14383,28,0.0490244053028248,0.009894471886024804,0,10_random
