duration,total_bytes,packet_count,interval_mean,interval_variance,label,attack_type,prediction
0.0088388919830322,465,7,0.0014731486638387,6.847026714101251e-06,1,1_beacon_capture,0
0.0087344646453857,751,6,0.0017468929290771,7.505290227527439e-06,1,1_beacon_capture,0
0.0029592514038085,465,7,0.0004932085673014,3.997746805200425e-07,1,1_beacon_capture,0
0.0028572082519531,751,6,0.0005714416503906,3.798348961936426e-07,1,1_beacon_capture,0
0.0027697086334228,465,7,0.0004616181055704,3.807117805207681e-07,1,1_beacon_capture,0
0.0026650428771972,751,6,0.0005330085754394,3.890286416208256e-07,1,1_beacon_capture,0
0.0031459331512451,465,7,0.0005243221918741,4.314041919744544e-07,1,1_beacon_capture,0
0.0030305385589599,751,6,0.0006061077117919,4.390657386466045e-07,1,1_beacon_capture,0
0.0066010951995849,465,7,0.0011001825332641,2.65228866188257e-06,1,1_beacon_capture,0
0.0063533782958984,751,6,0.0012706756591796,2.831555630109506e-06,1,1_beacon_capture,0
0.0026848316192626,465,7,0.0004474719365437,3.435568945380712e-07,1,1_beacon_capture,0
0.0025758743286132,751,6,0.0005151748657226,3.4926777971122645e-07,1,1_beacon_capture,0
1.3821606636047363,11826,19,0.0767867035335964,0.0295828799369344,1,2_dns_tunneling_capture,0
123.89517211914062,470,6,24.77903442382813,420.93308855584,1,2_dns_tunneling_capture,1
126.13310265541077,11948,32,4.068809763077767,153.7299201325376,1,2_dns_tunneling_capture,1
140.03093600273132,6288,60,2.373405694961548,23.49075717317865,1,2_dns_tunneling_capture,1
48.30931210517883,12742,135,0.3605172545162599,0.0578547181879849,1,2_dns_tunneling_capture,1
140.56879115104675,4988,58,2.46611914300082,6.298693221220305,1,2_dns_tunneling_capture,1
0.4986889362335205,347,2,0.4986889362335205,0.0,1,2_dns_tunneling_capture,0
0.4985859394073486,392,2,0.4985859394073486,0.0,1,2_dns_tunneling_capture,0
0.3437793254852295,352,2,0.3437793254852295,0.0,1,2_dns_tunneling_capture,0
0.3427987098693847,307,2,0.3427987098693847,0.0,1,2_dns_tunneling_capture,0
0.3689422607421875,162,3,0.1844711303710937,0.0340037418229712,1,2_dns_tunneling_capture,0
124.2673327922821,1560,16,8.284488852818807,262.5261255104948,1,2_dns_tunneling_capture,1
3.0016040802001958,198,3,1.5008020401000977,0.2498440985621073,1,2_dns_tunneling_capture,1
3.0005550384521484,198,3,1.5002775192260742,0.2497916655831886,1,2_dns_tunneling_capture,1
3.0010011196136475,198,3,1.5005005598068235,0.250787997320586,1,2_dns_tunneling_capture,1
77.60651540756226,205627,247,0.3154736398681392,4.127448383736896,1,2_dns_tunneling_capture,1
140.56171703338623,5808,68,2.097936075125168,5.973877137758571,1,2_dns_tunneling_capture,1
140.8415412902832,5225,39,3.706356349744295,31.544994573686644,1,2_dns_tunneling_capture,1
3.002272605895996,258,3,1.501136302947998,0.2501084922215,1,2_dns_tunneling_capture,1
3.001040458679199,258,3,1.5005202293395996,0.2507250790404782,1,2_dns_tunneling_capture,1
3.0005249977111816,258,3,1.5002624988555908,0.2500395790505081,1,2_dns_tunneling_capture,1
138.71903586387634,7759,38,3.749163131456117,33.95942712108833,1,2_dns_tunneling_capture,1
3.000898122787476,258,3,1.5004490613937378,0.2499326512878639,1,2_dns_tunneling_capture,1
3.0005342960357666,258,3,1.5002671480178833,0.250697025046648,1,2_dns_tunneling_capture,1
3.0013327598571777,258,3,1.5006663799285889,0.2503322273824437,1,2_dns_tunneling_capture,1
3.000746250152588,198,3,1.500373125076294,0.2500803535168074,1,2_dns_tunneling_capture,1
3.0004825592041016,198,3,1.5002412796020508,0.2502122375610724,1,2_dns_tunneling_capture,1
3.000340700149536,198,3,1.500170350074768,0.2502832022207855,1,2_dns_tunneling_capture,1
0.9997150897979736,172,2,0.9997150897979736,0.0,1,2_dns_tunneling_capture,0
1.0005505084991455,172,2,1.0005505084991455,0.0,1,2_dns_tunneling_capture,0
1.0004308223724363,172,2,1.0004308223724363,0.0,1,2_dns_tunneling_capture,0
1.0000004768371582,172,2,1.0000004768371582,0.0,1,2_dns_tunneling_capture,0
1.0007739067077637,172,2,1.0007739067077637,0.0,1,2_dns_tunneling_capture,0
1.000612497329712,172,2,1.000612497329712,0.0,1,2_dns_tunneling_capture,0
1.0586423873901367,8418,19,0.0588134659661187,0.0061991518632265,1,2_dns_tunneling_capture,0
137.66376566886902,4664,44,3.201482922531837,32.62281680961898,1,2_dns_tunneling_capture,1
1.001133680343628,172,2,1.001133680343628,0.0,1,2_dns_tunneling_capture,0
1.00087571144104,172,2,1.00087571144104,0.0,1,2_dns_tunneling_capture,0
1.0011556148529053,172,2,1.0011556148529053,0.0,1,2_dns_tunneling_capture,0
1.0000832080841064,172,2,1.0000832080841064,0.0,1,2_dns_tunneling_capture,0
0.9998314380645752,172,2,0.9998314380645752,0.0,1,2_dns_tunneling_capture,0
0.9996614456176758,172,2,0.9996614456176758,0.0,1,2_dns_tunneling_capture,0
1.0006954669952393,132,2,1.0006954669952393,0.0,1,2_dns_tunneling_capture,0
1.0003247261047363,132,2,1.0003247261047363,0.0,1,2_dns_tunneling_capture,0
1.0001170635223389,132,2,1.0001170635223389,0.0,1,2_dns_tunneling_capture,0
85.23251414299011,2574,18,5.01367730252883,74.12421167114579,1,2_dns_tunneling_capture,1
130.8654384613037,12499,43,3.115843772888184,44.24513392648947,1,2_dns_tunneling_capture,1
86.43298673629761,3430,22,4.115856511252267,54.880400282666045,1,2_dns_tunneling_capture,1
0.6867470741271973,13175,25,0.0286144614219665,0.0049433671732082,1,2_dns_tunneling_capture,0
0.377357006072998,11930,22,0.0179693812415713,0.0011807259350791,1,2_dns_tunneling_capture,0
1.863309860229492,13120,20,0.0980689400120785,0.0271337682501006,1,2_dns_tunneling_capture,0
90.39835929870604,483,6,18.07967185974121,483.1879420166914,1,2_dns_tunneling_capture,1
0.4848129749298095,13834,25,0.0202005406220753,0.0016931069594931,1,2_dns_tunneling_capture,0
0.0631957054138183,392,2,0.0631957054138183,0.0,1,2_dns_tunneling_capture,0
0.0629398822784423,392,2,0.0629398822784423,0.0,1,2_dns_tunneling_capture,0
0.0627601146697998,347,2,0.0627601146697998,0.0,1,2_dns_tunneling_capture,0
104.40671420097352,57353,99,1.065374634703811,30.69801487396844,1,2_dns_tunneling_capture,1
1.865391731262207,18536,30,0.064323852802145,0.0194538532368133,1,2_dns_tunneling_capture,0
96.28223276138306,12659,23,4.376465125517412,165.72501410066351,1,2_dns_tunneling_capture,1
0.0585386753082275,247,2,0.0585386753082275,0.0,1,2_dns_tunneling_capture,0
0.0595252513885498,268,2,0.0595252513885498,0.0,1,2_dns_tunneling_capture,0
0.0580625534057617,309,2,0.0580625534057617,0.0,1,2_dns_tunneling_capture,0
100.85985326766968,17166,41,2.521496331691742,96.137448654501,1,2_dns_tunneling_capture,1
0.6986498832702637,15458,28,0.0258759216026023,0.0047146048027628,1,2_dns_tunneling_capture,0
45.1090362071991,668,8,6.444148029599871,246.3549329464366,1,2_dns_tunneling_capture,1
1.944257497787476,9056,19,0.1080143054326375,0.0218773307652418,1,2_dns_tunneling_capture,0
60.13694047927856,16326,175,0.3456146004556239,0.0572278620221394,1,2_dns_tunneling_capture,1
1.6379122734069824,12412,23,0.0744505578821355,0.0190934839771401,1,2_dns_tunneling_capture,0
33.266005516052246,883,6,6.653201103210449,151.40710519616945,1,2_dns_tunneling_capture,1
1.3877975940704346,9663,25,0.0578248997529347,0.0143325559031996,1,2_dns_tunneling_capture,0
0.91756010055542,12066,28,0.0339837074279785,0.0046351916831444,1,2_dns_tunneling_capture,0
8.276349067687988,148,2,8.276349067687988,0.0,1,2_dns_tunneling_capture,1
51.71110796928406,2064,24,2.248309042142785,23.137016972998005,1,2_dns_tunneling_capture,1
0.1064045429229736,261,2,0.1064045429229736,0.0,1,2_dns_tunneling_capture,0
1.707500696182251,9057,19,0.0948611497879028,0.01752383470724,1,2_dns_tunneling_capture,0
0.1122889518737793,261,2,0.1122889518737793,0.0,1,2_dns_tunneling_capture,0
0.048142671585083,261,2,0.048142671585083,0.0,1,2_dns_tunneling_capture,0
0.2191481590270996,301,2,0.2191481590270996,0.0,1,2_dns_tunneling_capture,0
0.0631399154663086,261,2,0.0631399154663086,0.0,1,2_dns_tunneling_capture,0
0.2117505073547363,301,2,0.2117505073547363,0.0,1,2_dns_tunneling_capture,0
0.055305004119873,261,2,0.055305004119873,0.0,1,2_dns_tunneling_capture,0
0.2326703071594238,301,2,0.2326703071594238,0.0,1,2_dns_tunneling_capture,0
0.077195405960083,261,2,0.077195405960083,0.0,1,2_dns_tunneling_capture,0
0.0895686149597168,222,3,0.0447843074798584,0.0019967604276303,1,2_dns_tunneling_capture,0
0.222822904586792,301,2,0.222822904586792,0.0,1,2_dns_tunneling_capture,0
0.0663197040557861,261,2,0.0663197040557861,0.0,1,2_dns_tunneling_capture,0
0.2536470890045166,301,2,0.2536470890045166,0.0,1,2_dns_tunneling_capture,0
0.0974140167236328,261,2,0.0974140167236328,0.0,1,2_dns_tunneling_capture,0
0.2626986503601074,301,2,0.2626986503601074,0.0,1,2_dns_tunneling_capture,0
0.1065058708190918,261,2,0.1065058708190918,0.0,1,2_dns_tunneling_capture,0
0.1885497570037841,301,2,0.1885497570037841,0.0,1,2_dns_tunneling_capture,0
0.0324509143829345,261,2,0.0324509143829345,0.0,1,2_dns_tunneling_capture,0
0.2629225254058838,301,2,0.2629225254058838,0.0,1,2_dns_tunneling_capture,0
0.1074216365814209,261,2,0.1074216365814209,0.0,1,2_dns_tunneling_capture,0
37.15859127044678,10276,110,0.340904507068319,0.0561024855965913,1,2_dns_tunneling_capture,1
0.2192044258117675,301,2,0.2192044258117675,0.0,1,2_dns_tunneling_capture,0
0.0630550384521484,261,2,0.0630550384521484,0.0,1,2_dns_tunneling_capture,0
0.2770342826843261,301,2,0.2770342826843261,0.0,1,2_dns_tunneling_capture,0
0.1208674907684326,261,2,0.1208674907684326,0.0,1,2_dns_tunneling_capture,0
0.2270863056182861,301,2,0.2270863056182861,0.0,1,2_dns_tunneling_capture,0
0.0712616443634033,261,2,0.0712616443634033,0.0,1,2_dns_tunneling_capture,0
0.6958186626434326,511,4,0.2319395542144775,0.0183605997120063,1,2_dns_tunneling_capture,0
28.43234395980835,54315,70,0.4120629559392514,10.00506465453638,1,2_dns_tunneling_capture,1
0.1069414615631103,261,2,0.1069414615631103,0.0,1,2_dns_tunneling_capture,0
0.2188270092010498,301,2,0.2188270092010498,0.0,1,2_dns_tunneling_capture,0
0.0632874965667724,261,2,0.0632874965667724,0.0,1,2_dns_tunneling_capture,0
0.1887586116790771,301,2,0.1887586116790771,0.0,1,2_dns_tunneling_capture,0
0.0314500331878662,261,2,0.0314500331878662,0.0,1,2_dns_tunneling_capture,0
0.232980728149414,301,2,0.232980728149414,0.0,1,2_dns_tunneling_capture,0
0.0759463310241699,261,2,0.0759463310241699,0.0,1,2_dns_tunneling_capture,0
0.1945803165435791,301,2,0.1945803165435791,0.0,1,2_dns_tunneling_capture,0
0.0376617908477783,261,2,0.0376617908477783,0.0,1,2_dns_tunneling_capture,0
0.2565538883209228,301,2,0.2565538883209228,0.0,1,2_dns_tunneling_capture,0
0.099172830581665,261,2,0.099172830581665,0.0,1,2_dns_tunneling_capture,0
0.1981837749481201,301,2,0.1981837749481201,0.0,1,2_dns_tunneling_capture,0
0.0403132438659668,261,2,0.0403132438659668,0.0,1,2_dns_tunneling_capture,0
0.2066025733947754,301,2,0.2066025733947754,0.0,1,2_dns_tunneling_capture,0
0.0499439239501953,261,2,0.0499439239501953,0.0,1,2_dns_tunneling_capture,0
0.3099086284637451,301,2,0.3099086284637451,0.0,1,2_dns_tunneling_capture,0
0.1521925926208496,261,2,0.1521925926208496,0.0,1,2_dns_tunneling_capture,0
0.2225034236907959,301,2,0.2225034236907959,0.0,1,2_dns_tunneling_capture,0
0.0651893615722656,261,2,0.0651893615722656,0.0,1,2_dns_tunneling_capture,0
0.2103073596954345,301,2,0.2103073596954345,0.0,1,2_dns_tunneling_capture,0
0.0538504123687744,261,2,0.0538504123687744,0.0,1,2_dns_tunneling_capture,0
0.2246303558349609,301,2,0.2246303558349609,0.0,1,2_dns_tunneling_capture,0
0.0681416988372802,261,2,0.0681416988372802,0.0,1,2_dns_tunneling_capture,0
0.1845951080322265,301,2,0.1845951080322265,0.0,1,2_dns_tunneling_capture,0
0.0280776023864746,261,2,0.0280776023864746,0.0,1,2_dns_tunneling_capture,0
0.2387435436248779,301,2,0.2387435436248779,0.0,1,2_dns_tunneling_capture,0
0.081963300704956,261,2,0.081963300704956,0.0,1,2_dns_tunneling_capture,0
0.0525169372558593,267,2,0.0525169372558593,0.0,1,2_dns_tunneling_capture,0
0.0522160530090332,295,2,0.0522160530090332,0.0,1,2_dns_tunneling_capture,0
0.0532724857330322,283,2,0.0532724857330322,0.0,1,2_dns_tunneling_capture,0
0.8328094482421875,88601,79,0.0106770442082331,0.0008568466805159,1,2_dns_tunneling_capture,1
0.2537388801574707,301,2,0.2537388801574707,0.0,1,2_dns_tunneling_capture,0
0.0981326103210449,261,2,0.0981326103210449,0.0,1,2_dns_tunneling_capture,0
0.2191584110260009,301,2,0.2191584110260009,0.0,1,2_dns_tunneling_capture,0
0.0627720355987548,261,2,0.0627720355987548,0.0,1,2_dns_tunneling_capture,0
0.182086706161499,301,2,0.182086706161499,0.0,1,2_dns_tunneling_capture,0
0.0257284641265869,261,2,0.0257284641265869,0.0,1,2_dns_tunneling_capture,0
0.107656717300415,121,2,0.107656717300415,0.0,1,2_dns_tunneling_capture,0
0.1693060398101806,301,2,0.1693060398101806,0.0,1,2_dns_tunneling_capture,0
0.013620376586914,261,2,0.013620376586914,0.0,1,2_dns_tunneling_capture,0
0.2469289302825927,301,2,0.2469289302825927,0.0,1,2_dns_tunneling_capture,0
0.0912721157073974,261,2,0.0912721157073974,0.0,1,2_dns_tunneling_capture,0
0.2225663661956787,301,2,0.2225663661956787,0.0,1,2_dns_tunneling_capture,0
0.0659112930297851,261,2,0.0659112930297851,0.0,1,2_dns_tunneling_capture,0
0.3178102970123291,301,2,0.3178102970123291,0.0,1,2_dns_tunneling_capture,0
0.1612391471862793,261,2,0.1612391471862793,0.0,1,2_dns_tunneling_capture,0
0.2848868370056152,301,2,0.2848868370056152,0.0,1,2_dns_tunneling_capture,0
0.1286664009094238,261,2,0.1286664009094238,0.0,1,2_dns_tunneling_capture,0
0.2759733200073242,301,2,0.2759733200073242,0.0,1,2_dns_tunneling_capture,0
0.1191990375518798,261,2,0.1191990375518798,0.0,1,2_dns_tunneling_capture,0
0.2229540348052978,301,2,0.2229540348052978,0.0,1,2_dns_tunneling_capture,0
0.0661830902099609,261,2,0.0661830902099609,0.0,1,2_dns_tunneling_capture,0
0.0563557147979736,234,2,0.0563557147979736,0.0,1,2_dns_tunneling_capture,0
0.0559215545654296,246,2,0.0559215545654296,0.0,1,2_dns_tunneling_capture,0
0.4513049125671386,11476,24,0.0196219527203103,0.0013751315188183,1,2_dns_tunneling_capture,0
11.999563455581663,242,2,11.999563455581663,0.0,1,3_exfiltration_capture,1
11.999164342880247,282,2,11.999164342880247,0.0,1,3_exfiltration_capture,1
135.0003468990326,292,4,45.000115633010864,2.98240138363326e-07,1,3_exfiltration_capture,1
0.0026869773864746,296020,21,0.0001343488693237,2.9371543064371513e-08,1,3_exfiltration_capture,1
0.0026021003723144,1491,21,0.0001301050186157,2.4724943727960632e-08,1,3_exfiltration_capture,0
0.0330309867858886,188,4,0.0110103289286295,0.0002318884648325,1,4_lateral_scan_capture,0
0.0327763557434082,144,3,0.0163881778717041,0.0002582643233495,1,4_lateral_scan_capture,0
0.6687459945678711,163,2,0.6687459945678711,0.0,1,5_jittered_beacon,0
0.669281005859375,203,2,0.669281005859375,0.0,1,5_jittered_beacon,0
490.7552328109741,111376,2475,0.1983650900610243,3.6767516699463294,1,5_jittered_beacon,1
490.7551870346069,108900,2475,0.1983650715580464,3.67676277607358,1,5_jittered_beacon,1
490.7547130584717,110672,2459,0.1996561078350169,3.700691904254587,1,5_jittered_beacon,1
490.75467801094055,108196,2459,0.1996560935764607,3.700695223212631,1,5_jittered_beacon,1
3.031877994537353,1710,38,0.0819426485010095,0.2393304206575533,1,5_jittered_beacon,0
3.0318548679351807,1672,38,0.0819420234577075,0.2393328160335705,1,5_jittered_beacon,0
3.03139591217041,1710,38,0.0819296192478489,0.2394475130102943,1,5_jittered_beacon,0
3.031369924545288,1672,38,0.0819289168796023,0.2394523727585769,1,5_jittered_beacon,0
3.023557186126709,808,4,1.0078523953755696,1.791263254189188e-05,1,5_jittered_beacon,0
405.3548328876496,59040,1312,0.3091951433162849,5.823283748844547,1,5_jittered_beacon,1
405.3548121452332,57728,1312,0.309195127494457,5.823305339605053,1,5_jittered_beacon,1
405.35381293296814,58732,1305,0.3108541510222148,5.854415024360964,1,5_jittered_beacon,1
405.35382199287415,57420,1305,0.3108541579699955,5.854428900711606,1,5_jittered_beacon,1
1034.835322141647,3268,43,24.638936241467796,103.00819000922884,1,5_jittered_beacon,1
0.0488781929016113,285,6,0.0097756385803222,0.0002774742347355,1,5_jittered_beacon,0
0.0485179424285888,189,4,0.0161726474761962,0.0003548088980475,1,5_jittered_beacon,0
0.0265810489654541,471,7,0.0044301748275756,6.702456613065048e-05,1,5_jittered_beacon,0
0.0265200138092041,751,6,0.0053040027618408,7.640081663794261e-05,1,5_jittered_beacon,0
0.0194149017333984,1036,7,0.0032358169555664,1.2537066481854708e-05,1,5_jittered_beacon,0
0.0193390846252441,751,6,0.0038678169250488,1.2669667044065135e-05,1,5_jittered_beacon,0
0.7874882221221924,1036,7,0.1312480370203654,0.0823307689284702,1,5_jittered_beacon,0
0.787578821182251,751,6,0.1575157642364502,0.0946885982965568,1,5_jittered_beacon,0
0.2809929847717285,1036,7,0.0468321641286214,0.0096529242279201,1,5_jittered_beacon,0
0.2809798717498779,751,6,0.0561959743499755,0.0110694470510679,1,5_jittered_beacon,0
0.4376511573791504,1036,7,0.0729418595631917,0.0246240952149542,1,5_jittered_beacon,0
0.4377338886260986,751,6,0.0875467777252197,0.0282992454297163,1,5_jittered_beacon,0
150.74192094802856,323,7,25.123653491338093,422.7664768794172,1,5_jittered_beacon,1
150.74176788330078,312,6,30.14835357666016,355.83564944424654,1,5_jittered_beacon,1
0.026346206665039,471,7,0.0043910344441731,7.877757973852163e-05,1,5_jittered_beacon,0
0.0261769294738769,751,6,0.0052353858947753,9.187174290218535e-05,1,5_jittered_beacon,0
0.0194001197814941,471,7,0.0032333532969156,3.1828539489550974e-05,1,5_jittered_beacon,0
0.0193018913269042,751,6,0.0038603782653808,3.672089241263165e-05,1,5_jittered_beacon,0
3.026160955429077,808,4,1.0087203184763591,1.551515281840289e-05,1,5_jittered_beacon,0
0.0208261013031005,471,7,0.00347101688385,4.608611727974221e-05,1,5_jittered_beacon,0
0.0208189487457275,751,6,0.0041637897491455,5.3074250545250833e-05,1,5_jittered_beacon,0
0.0186688899993896,471,7,0.0031114816665649,3.875132159218234e-05,1,5_jittered_beacon,0
0.0187010765075683,751,6,0.0037402153015136,4.463583249162184e-05,1,5_jittered_beacon,0
0.0053200721740722,471,7,0.0008866786956787,2.659660462237904e-06,1,5_jittered_beacon,0
0.005275011062622,751,6,0.0010550022125244,2.919602752626815e-06,1,5_jittered_beacon,0
3.022413969039917,808,4,1.0074713230133057,2.5845284085335152e-05,1,5_jittered_beacon,0
0.001641035079956,471,7,0.0002735058466593,8.809574896733666e-08,1,5_jittered_beacon,0
0.0015819072723388,751,6,0.0003163814544677,8.897025054466213e-08,1,5_jittered_beacon,0
0.0039169788360595,471,7,0.0006528298060099,9.440284508678412e-07,1,5_jittered_beacon,0
0.003695011138916,751,6,0.0007390022277832,1.0232238901153325e-06,1,5_jittered_beacon,0
0.0033318996429443,471,7,0.0005553166071573,8.943472080444635e-07,1,5_jittered_beacon,0
0.0032851696014404,751,6,0.000657033920288,9.655505300543152e-07,1,5_jittered_beacon,0
3.018651962280273,808,4,1.006217320760091,2.3251941583011003e-06,1,5_jittered_beacon,0
0.0026581287384033,471,7,0.0004430214564005,3.32536509341076e-07,1,5_jittered_beacon,0
0.002648115158081,751,6,0.0005296230316162,3.374638390596375e-07,1,5_jittered_beacon,0
0.0138280391693115,471,7,0.0023046731948852,1.3680383740203675e-05,1,5_jittered_beacon,0
0.0137090682983398,751,6,0.0027418136596679,1.563484654525382e-05,1,5_jittered_beacon,0
6.494786977767944,252,3,3.247393488883972,0.0674594155521077,1,5_jittered_beacon,1
3.034188032150269,808,4,1.011396010716756,1.5625316046276162e-05,1,5_jittered_beacon,0
0.0021970272064208,471,7,0.0003661712010701,2.917683335428795e-07,1,5_jittered_beacon,0
0.0021610260009765,751,6,0.0004322052001953,3.086126616835827e-07,1,5_jittered_beacon,0
0.0040709972381591,471,7,0.0006784995396931,1.3220383421083975e-06,1,5_jittered_beacon,0
0.0040180683135986,751,6,0.0008036136627197,1.4406240234166034e-06,1,5_jittered_beacon,0
0.002303123474121,471,7,0.0003838539123535,1.668012714617362e-07,1,5_jittered_beacon,0
0.0022499561309814,751,6,0.0004499912261962,1.6520054032298504e-07,1,5_jittered_beacon,0
3.027905941009521,808,4,1.009301980336507,1.803244975285957e-05,1,5_jittered_beacon,0
0.0032620429992675,471,7,0.0005436738332112,6.037306295386063e-07,1,5_jittered_beacon,0
0.0031788349151611,751,6,0.0006357669830322,6.277546526689546e-07,1,5_jittered_beacon,0
0.0041110515594482,471,7,0.000685175259908,1.003536575518006e-06,1,5_jittered_beacon,0
0.0038881301879882,751,6,0.0007776260375976,1.091353842639364e-06,1,5_jittered_beacon,0
3.022433996200561,808,4,1.0074779987335205,1.886524728433869e-06,1,5_jittered_beacon,0
0.0019199848175048,471,7,0.0003199974695841,1.0710803463906713e-07,1,5_jittered_beacon,0
0.0018699169158935,751,6,0.0003739833831787,1.0801737971632973e-07,1,5_jittered_beacon,0
0.0155320167541503,471,7,0.002588669459025,2.5134516489641915e-05,1,5_jittered_beacon,0
0.0154728889465332,751,6,0.0030945777893066,2.908953767018829e-05,1,5_jittered_beacon,0
0.0028769969940185,471,7,0.000479499499003,4.0468128601231814e-07,1,5_jittered_beacon,0
0.0028309822082519,751,6,0.0005661964416503,4.274781394997262e-07,1,5_jittered_beacon,0
3.025398015975952,808,4,1.0084660053253174,2.982236780250484e-05,1,5_jittered_beacon,0
0.0209040641784667,471,7,0.0034840106964111,4.674137778692966e-05,1,5_jittered_beacon,0
0.0208380222320556,751,6,0.0041676044464111,5.379844682011027e-05,1,5_jittered_beacon,0
3.0211148262023926,808,4,1.0070382754007976,4.728210203413457e-06,1,5_jittered_beacon,0
0.0181939601898193,471,7,0.0030323266983032,3.5766495988317125e-05,1,6_distributed_c2,0
0.0181589126586914,804,6,0.0036317825317382,4.121606183161929e-05,1,6_distributed_c2,0
157.4502718448639,96210,2138,0.0736781805544519,0.702919809742949,1,6_distributed_c2,1
157.4502260684967,94072,2138,0.0736781591335969,0.7029232105822457,1,6_distributed_c2,1
157.4497799873352,96078,2135,0.0737815276416753,0.7040359830218584,1,6_distributed_c2,1
157.4497890472412,93940,2135,0.0737815318871795,0.7040359599301239,1,6_distributed_c2,1
0.0203430652618408,471,7,0.0033905108769734,4.15956085062261e-05,1,6_distributed_c2,0
0.0203099250793457,804,6,0.0040619850158691,4.778533492299176e-05,1,6_distributed_c2,0
150.03486394882202,456,6,30.006972789764404,1.703681014078029e-05,1,6_distributed_c2,1
0.0186967849731445,285,6,0.0037393569946289,4.092587480499788e-05,1,6_distributed_c2,0
0.0185959339141845,189,4,0.0061986446380615,5.247090246029984e-05,1,6_distributed_c2,0
0.0206072330474853,471,7,0.0034345388412475,4.4099548323591385e-05,1,6_distributed_c2,0
0.0204911231994628,804,6,0.0040982246398925,5.1644831123667246e-05,1,6_distributed_c2,0
0.0139050483703613,471,7,0.0023175080617268,1.936045581234996e-05,1,6_distributed_c2,0
0.013866901397705,804,6,0.002773380279541,2.247464509764541e-05,1,6_distributed_c2,0
0.0015649795532226,471,7,0.0002608299255371,7.579476838751968e-08,1,6_distributed_c2,0
0.0014998912811279,804,6,0.0002999782562255,7.523111435148169e-08,1,6_distributed_c2,0
0.0016040802001953,471,7,0.0002673467000325,9.971390429402366e-08,1,6_distributed_c2,0
0.0015649795532226,804,6,0.0003129959106445,1.0345330338168425e-07,1,6_distributed_c2,0
0.0037140846252441,471,7,0.0006190141042073,9.341153044159806e-07,1,6_distributed_c2,0
0.0035641193389892,804,6,0.0007128238677978,9.933154251484665e-07,1,6_distributed_c2,0
0.3244469165802002,471,7,0.0540744860967,0.0130291750580305,1,6_distributed_c2,0
0.324113130569458,848,7,0.0540188550949096,0.0130315740254663,1,6_distributed_c2,0
3.0411949157714844,808,4,1.0137316385904949,8.078349247221517e-06,1,6_distributed_c2,0
33.495208978652954,168,2,33.495208978652954,0.0,1,6_distributed_c2,1
0.0281641483306884,471,7,0.0046940247217814,8.524626486740138e-05,1,6_distributed_c2,0
0.0281050205230712,804,6,0.0056210041046142,9.815414344757302e-05,1,6_distributed_c2,0
0.0231389999389648,471,7,0.0038564999898274,6.313001947293944e-05,1,6_distributed_c2,0
0.023104190826416,804,6,0.0046208381652832,7.29072028752853e-05,1,6_distributed_c2,0
0.636868953704834,7050,17,0.0398043096065521,0.0042997466147474,1,7_spike,0
9.36245894432068,11108,21,0.4681229472160339,3.534780589078663,1,7_spike,0
0.5203149318695068,10402,19,0.0289063851038614,0.0034903817363129,1,7_spike,0
0.0422589778900146,121,2,0.0422589778900146,0.0,1,7_spike,0
42.03721284866333,10238,101,0.4203721284866333,0.0373431182723214,1,7_spike,1
1.874073028564453,386,5,0.4685182571411133,0.5839422203749791,1,7_spike,0
0.0064060688018798,222,2,0.0064060688018798,0.0,1,7_spike,0
0.0112650394439697,172,2,0.0112650394439697,0.0,1,7_spike,0
0.1918017864227295,9246,20,0.0100948308643541,0.0003579828173146,1,7_spike,0
30.117307901382446,12528,76,0.4015641053517659,1.2601509435099103,1,7_spike,0
166.43721890449524,724,12,15.130656264045022,412.8431077914328,1,7_spike,1
0.011941909790039,238,2,0.011941909790039,0.0,1,7_spike,0
39.13925695419312,7005,23,1.7790571342815051,17.370138516927657,1,7_spike,0
377.6907138824463,14895,165,2.3029921578197943,13.460321885074585,1,7_spike,1
34.97549390792847,7005,23,1.589795177633112,13.272474690963309,1,7_spike,0
0.0067842006683349,307,2,0.0067842006683349,0.0,1,7_spike,0
1.3360891342163086,12448,23,0.0607313242825594,0.0124362780716779,1,7_spike,0
344.80774116516113,1542,22,16.419416245960054,425.3276942683229,1,7_spike,1
5.019286155700684,283,5,1.254821538925171,4.461105467989142,1,7_spike,1
3.825165033340454,6874,20,0.2013244754389712,0.1768178925725727,1,7_spike,0
4.430393218994141,6791,19,0.2461329566107856,0.3249784233400623,1,7_spike,0
371.3839199542999,8310,87,4.318417673887208,39.7071497755904,1,7_spike,1
360.15438079833984,69008,190,1.9055787343827504,33.89901388263429,1,7_spike,1
360.0861530303955,7463,91,4.000957255893283,53.579992473195496,1,7_spike,1
4.40487813949585,6845,20,0.2318356915524131,0.17086960734605,1,7_spike,0
18.9534809589386,433,8,2.707640136991228,5.121397867604424,1,7_spike,1
3.836328029632568,6791,19,0.2131293349795871,0.1989482351325576,1,7_spike,0
24.61142301559448,378,7,4.101903835932414,17.695459556351988,1,7_spike,1
38.28591704368591,7059,24,1.6646050888559092,15.315364622728408,1,7_spike,0
3.688563108444214,6874,20,0.1941349004444323,0.166160953812841,1,7_spike,0
3.679670810699463,6791,19,0.2044261561499701,0.167659491180152,1,7_spike,0
3.8041329383850098,6874,20,0.2002175230728952,0.1875602676489905,1,7_spike,0
3.721342086791992,6874,20,0.1958601098311574,0.1573376794533503,1,7_spike,0
360.22857093811035,3887,52,7.063305312511968,158.79446697390557,1,7_spike,1
32.35324215888977,6922,22,1.540630578994751,11.56921803130229,1,7_spike,0
3.5709869861602783,6791,19,0.1983881658977932,0.1586106765142466,1,7_spike,0
3.65143609046936,6874,20,0.1921808468668084,0.1718374014949757,1,7_spike,0
0.0290789604187011,367,2,0.0290789604187011,0.0,1,7_spike,0
0.0287449359893798,307,2,0.0287449359893798,0.0,1,7_spike,0
30.96262907981873,18547,41,0.7740657269954682,5.0804317425889005,1,7_spike,0
3.7759270668029785,6874,20,0.1987330035159462,0.1800430287473127,1,7_spike,0
36.93644905090332,10546,26,1.4774579620361328,11.493187604654825,1,7_spike,0
3.5973150730133057,6928,21,0.1798657536506653,0.132145559092625,1,7_spike,0
34.42951703071594,7005,23,1.5649780468507246,12.71423074423793,1,7_spike,0
30.034953832626343,12614,79,0.3850635106746967,1.1771962027903211,1,7_spike,0
31.26325488090515,15898,54,0.589872733601984,13.405940533138295,1,7_spike,0
32.97488808631897,105791,141,0.2355349149022783,5.47409337341451,1,7_spike,1
3.6886048316955566,6791,19,0.2049224906497531,0.1550512060782097,1,7_spike,0
1.8235230445861816,163,3,0.9117615222930908,0.8312364699033878,1,7_spike,0
3.6201071739196777,6791,19,0.2011170652177598,0.1768330317274319,1,7_spike,0
39.08272695541382,433,8,5.58324670791626,42.59415306218984,1,7_spike,1
1.1390390396118164,24091,31,0.0379679679870605,0.0081412935181803,1,7_spike,0
157.59435200691223,7571,26,6.303774080276489,150.85247543358275,1,7_spike,1
3.855820178985596,6874,20,0.2029379041571366,0.1895560520678136,1,7_spike,0
0.0058920383453369,307,2,0.0058920383453369,0.0,1,7_spike,0
1.2042250633239746,10879,21,0.0602112531661987,0.0107167568223593,1,7_spike,0
3.85313892364502,6874,20,0.202796785455001,0.1792916066363767,1,7_spike,0
0.0059971809387207,316,2,0.0059971809387207,0.0,1,7_spike,0
1.2228829860687256,12844,26,0.048915319442749,0.0100160244761105,1,7_spike,0
59.83136296272278,21474,194,0.3100070619830196,0.0604735809522295,1,7_spike,1
3.7950551509857178,6874,20,0.199739744788722,0.1786514390318414,1,7_spike,0
3.874588966369629,6845,20,0.2039257350720857,0.1805835161407444,1,7_spike,0
3.980624914169312,6874,20,0.2095065744299637,0.1943668830542949,1,7_spike,0
0.0198559761047363,238,2,0.0198559761047363,0.0,1,7_spike,0
38.83944392204285,7005,23,1.765429269183766,16.414486046809103,1,7_spike,0
0.0061259269714355,238,2,0.0061259269714355,0.0,1,7_spike,0
3.6917338371276855,6791,19,0.2050963242848714,0.163983976283488,1,7_spike,0
3.651185989379883,6791,19,0.2028436660766601,0.1628797974163818,1,7_spike,0
3.681425094604492,6874,20,0.1937592155054996,0.1708525379268111,1,7_spike,0
3.778034925460816,6874,20,0.198843943445306,0.1812508612325429,1,7_spike,0
57.189653158187866,7005,23,2.5995296890085395,32.54138723656681,1,7_spike,1
0.0057680606842041,612,2,0.0057680606842041,0.0,1,7_spike,0
0.1670048236846923,162,3,0.0835024118423461,0.0069596386854442,1,7_spike,0
30.074004888534542,16351,79,0.3855641652376224,1.2318152803578446,1,7_spike,0
0.8494701385498047,10191,23,0.0386122790249911,0.0030780996239914,1,7_spike,0
86.46831107139587,24003,39,2.275481870299892,69.12807006528742,1,7_spike,1
124.59370517730711,7570,26,4.983748207092285,110.0677124516353,1,7_spike,1
35.22183418273926,7005,23,1.6009924628517844,13.385920686427022,1,7_spike,0
36.77947115898132,6922,22,1.75140338852292,14.9641393919948,1,7_spike,0
4.452436923980713,6845,20,0.2343387854726691,0.2377852773084051,1,7_spike,0
3.710178852081299,6928,21,0.1855089426040649,0.1148243530016253,1,7_spike,0
3.013772964477539,6791,19,0.1674318313598632,0.1152158316177747,1,7_spike,0
36.55960607528687,6922,22,1.740933622632708,15.526792607012297,1,7_spike,0
3.203181028366089,6928,21,0.1601590514183044,0.1096511272249237,1,7_spike,0
3.01030707359314,6874,20,0.1584372143996389,0.1085390038054874,1,7_spike,0
3.0288949012756348,6874,20,0.1594155211197702,0.1109586641120877,1,7_spike,0
30.05774402618408,16164,75,0.4061857300835687,1.2728624274087528,1,7_spike,0
3.0470008850097656,6791,19,0.1692778269449869,0.1140653967588542,1,7_spike,0
3.2595138549804688,6791,19,0.1810841030544704,0.1379539896872918,1,7_spike,0
3.612946033477783,6874,20,0.1901550543935675,0.1750254281449763,1,7_spike,0
38.805553913116455,7059,24,1.6871979962224546,16.005321543799106,1,7_spike,0
0.0517120361328125,121,2,0.0517120361328125,0.0,1,7_spike,0
3.483609199523926,6845,20,0.1833478526065224,0.1404474244584687,1,7_spike,0
59.89801001548767,14846,147,0.4102603425718333,0.0424802741522185,1,7_spike,1
18.941415071487427,378,7,3.1569025119145717,10.57001693211804,1,7_spike,1
1.6488358974456787,18766,31,0.0549611965815226,0.0582657105027597,1,7_spike,0
37.56838917732239,6922,22,1.788970913205828,15.80325671509202,1,7_spike,0
3.880490064620972,6928,21,0.1940245032310485,0.142627572605425,1,7_spike,0
3.574954032897949,6874,20,0.1881554754156815,0.1593959929689261,1,7_spike,0
0.0065629482269287,238,2,0.0065629482269287,0.0,1,7_spike,0
38.4607720375061,6976,23,1.748216910795732,16.416693289111922,1,7_spike,0
3.3574349880218506,6874,20,0.1767071046327289,0.1395292200095357,1,7_spike,0
3.396120071411133,6874,20,0.1787431616532175,0.1412795765951043,1,7_spike,0
37.27645397186279,6922,22,1.775069236755371,15.994738603787406,1,7_spike,0
3.380460023880005,6874,20,0.1779189486252634,0.1376699969356618,1,7_spike,0
3.471648931503296,6874,20,0.1827183648159629,0.1534744674761812,1,7_spike,0
39.87203812599182,7005,23,1.8123653693632649,17.829530155903615,1,7_spike,0
3.4389710426330566,6874,20,0.1809984759280556,0.1459277217121864,1,7_spike,0
3.780174970626831,6874,20,0.1989565774014121,0.2030916921081551,1,7_spike,0
3.6947340965271,6928,21,0.1847367048263549,0.1273893833090818,1,7_spike,0
0.0059609413146972,222,2,0.0059609413146972,0.0,1,7_spike,0
0.0057930946350097,172,2,0.0057930946350097,0.0,1,7_spike,0
31.2095410823822,17944,64,0.4953895409901936,9.630343609838532,1,7_spike,0
30.0456018447876,12302,75,0.4060216465511838,1.2973159025720506,1,7_spike,0
3.771649122238159,6791,19,0.2095360623465644,0.2144580615842432,1,7_spike,0
3.8563640117645264,6845,20,0.202966526934975,0.1386850232662545,1,7_spike,0
23.423178911209103,6791,19,1.3012877172893949,24.32923586127491,1,7_spike,0
0.0059459209442138,304,2,0.0059459209442138,0.0,1,7_spike,0
0.1548840999603271,162,3,0.0774420499801635,0.0059859766901269,1,7_spike,0
0.1601531505584716,162,3,0.0800765752792358,0.0064047379676281,1,7_spike,0
30.05420184135437,12410,76,0.4007226912180582,1.0967189979398535,1,7_spike,0
90.26390790939332,618254,1203,0.075094765315635,0.4595256484203699,1,7_spike,1
3.4328978061676025,6874,20,0.180678831903558,0.1505812231637054,1,7_spike,0
3.68721604347229,6874,20,0.1940640022880152,0.1857753629057452,1,7_spike,0
3.946359157562256,6874,20,0.2077031135559082,0.1962774162660887,1,7_spike,0
135.40741205215454,17009,65,2.1157408133149147,78.82483302632646,1,7_spike,1
98.2183768749237,161891,198,0.4985704409894604,13.046700061649853,1,7_spike,1
201.8828649520874,88790,119,1.7108717368820967,47.43564303358235,1,7_spike,1
136.48440098762512,18985,52,2.676164725247552,106.55802456378292,1,7_spike,1
4.02744197845459,6928,21,0.2013720989227295,0.1981463395233993,1,7_spike,0
3.9263100624084473,6928,21,0.1963155031204223,0.1710564866540033,1,7_spike,0
3.8077001571655273,6874,20,0.2004052714297646,0.1843859868710979,1,7_spike,0
3.9082229137420654,6874,20,0.2056959428285297,0.196999318996267,1,7_spike,0
59.97748112678528,15050,149,0.4052532508566573,0.0399513736693864,1,7_spike,1
35.307250022888184,7005,23,1.604875001040372,13.213025888990048,1,7_spike,0
3.7391490936279297,6874,20,0.1967973207172594,0.1642080438936664,1,7_spike,0
3.640671968460083,6791,19,0.2022595538033379,0.1633847415297172,1,7_spike,0
0.030250072479248,238,2,0.030250072479248,0.0,1,7_spike,0
3.708130836486816,6874,20,0.1951647808677271,0.180830360189776,1,7_spike,0
3.87480092048645,6874,20,0.2039368905519184,0.1967208763086381,1,7_spike,0
3.9530091285705566,6874,20,0.2080531120300293,0.1964469230251241,1,7_spike,0
4.043292999267578,6791,19,0.2246273888481987,0.2120949416578508,1,7_spike,0
43.13359808921814,7005,23,1.960618094964461,20.874216931863543,1,7_spike,0
30.02527904510498,13381,73,0.4170177645153469,1.292941300542132,1,7_spike,0
1.186283826828003,24013,33,0.037071369588375,0.0082900483915717,1,7_spike,0
0.0057580471038818,156,2,0.0057580471038818,0.0,1,7_spike,0
1.753188133239746,8240,34,0.0531269131284771,0.006303646560613,1,7_spike,0
73.81132292747498,7191,19,4.100629051526387,116.68726583918485,1,7_spike,1
3.4304819107055664,6874,20,0.1805516795108193,0.1591526576603979,1,7_spike,0
3.779895067214966,6791,19,0.2099941704008314,0.1854020272331881,1,7_spike,0
38.67648720741272,6922,22,1.8417374860672724,16.55110996790195,1,7_spike,0
0.0061850547790527,222,2,0.0061850547790527,0.0,1,7_spike,0
0.0053391456604003,271,2,0.0053391456604003,0.0,1,7_spike,0
123.68992900848389,132815,201,0.6184496450424194,5.526825573061803,1,7_spike,1
42.52293491363525,6976,23,1.9328606778925117,19.463843918841885,1,7_spike,0
37.24069404602051,7005,23,1.6927588202736594,14.684870740628831,1,7_spike,0
35.00438594818115,6922,22,1.6668755213419597,13.449372089205664,1,7_spike,0
4.225356817245483,6874,20,0.222387200907657,0.271014699588934,1,7_spike,0
4.433058977127075,6845,20,0.2333188935330039,0.2041765850255543,1,7_spike,0
4.075850009918213,6791,19,0.2264361116621229,0.1997448173366547,1,7_spike,0
3.9555718898773193,6874,20,0.2081879942040694,0.1938995242706802,1,7_spike,0
4.084197998046875,6791,19,0.2268998887803819,0.2255822339885999,1,7_spike,0
4.078387022018433,6845,20,0.2146519485272859,0.1831090934659113,1,7_spike,0
36.36247706413269,6922,22,1.7315465268634616,14.678213035314512,1,7_spike,0
36.30690407752991,7005,23,1.6503138217059048,14.093473118797432,1,7_spike,0
55.76619696617127,7005,23,2.5348271348259668,31.58829833090134,1,7_spike,1
47.96059012413025,16012,56,0.8720107295296409,16.80286534925123,1,7_spike,1
30.019322872161865,13088,70,0.4350626503211864,1.364275119246526,1,7_spike,0
60.00569796562195,14916,148,0.40820202697702,0.0381930168653368,1,7_spike,1
0.0061328411102294,349,2,0.0061328411102294,0.0,1,7_spike,0
0.0162310600280761,278,2,0.0162310600280761,0.0,1,7_spike,0
1.7302591800689695,12427,29,0.0617949707167489,0.0130303414448435,1,7_spike,0
1.4667179584503174,9289,21,0.0733358979225158,0.0164772746763644,1,7_spike,0
3.922431945800781,6928,21,0.196121597290039,0.1701431363164852,1,7_spike,0
0.0071768760681152,238,2,0.0071768760681152,0.0,1,7_spike,0
3.795124053955078,6928,21,0.1897562026977539,0.1726568269069537,1,7_spike,0
3.8080861568450928,6874,20,0.2004255872023733,0.1815002599380911,1,7_spike,0
3.769632816314697,6791,19,0.2094240453508165,0.1675328612606101,1,7_spike,0
3.62191104888916,6791,19,0.2012172804938422,0.1617033301865213,1,7_spike,0
33.314048051834106,7005,23,1.5142749114470049,11.747974674722396,1,7_spike,0
144.81470704078674,25678,137,1.064814022358726,15.114993813822794,1,7_spike,1
36.42176914215088,6922,22,1.734369959150042,14.84172135829903,1,7_spike,0
36.04193305969238,7005,23,1.638269684531472,13.836202284376874,1,7_spike,0
4.058844089508057,7006,22,0.1932782899765741,0.1602962177566079,1,7_spike,0
4.438736915588379,6874,20,0.2336177323993883,0.3220096927610985,1,7_spike,0
4.447806119918823,6791,19,0.2471003399954902,0.1853235141766129,1,7_spike,0
35.210599184036255,6922,22,1.6766951992398216,13.77730441629753,1,7_spike,0
0.0062460899353027,296,2,0.0062460899353027,0.0,1,7_spike,0
0.0058619976043701,240,2,0.0058619976043701,0.0,1,7_spike,0
5.258224010467529,14633,37,0.1460617780685424,0.6201356906746156,1,7_spike,0
4.102664947509766,6874,20,0.2159297340794613,0.2357932924413685,1,7_spike,0
125.45881915092468,11475,34,3.801782398512869,145.68526455993697,1,7_spike,1
125.08694505691528,15850,36,3.5739127159118653,137.44193502438395,1,7_spike,1
39.27402806282044,7059,24,1.707566437513932,15.91375303383365,1,7_spike,0
38.2755241394043,6922,22,1.8226440066383,16.353519941478964,1,7_spike,0
0.0078918933868408,443,2,0.0078918933868408,0.0,1,7_spike,0
0.0085508823394775,403,2,0.0085508823394775,0.0,1,7_spike,0
10.20396089553833,5950,23,0.4638164043426513,4.170536909443698,1,7_spike,0
90.08485698699953,93529,92,0.989943483373621,43.54788553178128,1,7_spike,1
0.0073969364166259,240,2,0.0073969364166259,0.0,1,7_spike,0
4.377619028091431,9935,24,0.1903312620909317,0.6641066398122717,1,7_spike,0
40.809529066085815,6976,23,1.854978593912992,18.162970051932813,1,7_spike,0
0.2774507999420166,10345,25,0.011560449997584,0.0003585340916623,1,7_spike,0
41.543482065200806,6922,22,1.978261050723848,19.707207277602837,1,7_spike,0
0.0205130577087402,405,2,0.0205130577087402,0.0,1,7_spike,0
0.0201261043548584,365,2,0.0201261043548584,0.0,1,7_spike,0
6.974248886108398,6052,22,0.3321070898146856,1.9769092381627065,1,7_spike,0
0.0308320522308349,405,2,0.0308320522308349,0.0,1,7_spike,0
0.0306859016418457,365,2,0.0306859016418457,0.0,1,7_spike,0
5.43949818611145,77935,85,0.064755930787041,0.2943135328495366,1,7_spike,1
0.312824010848999,5683,20,0.0164644216236315,0.0006371306058313,1,7_spike,0
3.703223943710327,6791,19,0.2057346635394626,0.1600587469186432,1,7_spike,0
10.29113507270813,21835,42,0.2510032944562959,0.7410842262292996,1,7_spike,0
33.99401307106018,7005,23,1.5451824123209172,12.106769196285562,1,7_spike,0
39.16838097572327,7059,24,1.7029730859010117,15.761138132444616,1,7_spike,0
3.96130108833313,6791,19,0.2200722826851738,0.1805881936555583,1,7_spike,0
3.850382089614868,6874,20,0.2026516889270983,0.1916379170524529,1,7_spike,0
4.072026968002319,6874,20,0.2143172088422273,0.2201942481804733,1,7_spike,0
0.0082619190216064,375,2,0.0082619190216064,0.0,1,7_spike,0
1.387095928192139,7731,18,0.0815938781289493,0.0153986530318134,1,7_spike,0
4.006449937820435,6845,20,0.2108657862010755,0.1701469068637917,1,7_spike,0
3.831449031829834,6874,20,0.2016552122015702,0.1878882225748769,1,7_spike,0
38.65235495567322,7059,24,1.680537171985792,15.95154376018193,1,7_spike,0
3.196624994277954,6874,20,0.1682434207514712,0.123659535256069,1,7_spike,0
3.181962013244629,6791,19,0.1767756674024793,0.115266593286466,1,7_spike,0
60.06195902824402,14630,145,0.417096937696139,0.0400593225353327,1,7_spike,1
4.178547143936157,6874,20,0.2199235338913767,0.3291110615744561,1,7_spike,0
58.38404393196106,7005,23,2.653820178725503,33.16444237849552,1,7_spike,1
29.93403005599976,13649,42,0.7300982940487746,16.139937794339875,1,7_spike,0
89.01081490516663,160328,220,0.4064420771925416,10.052759283529294,1,7_spike,1
0.0056371688842773,238,2,0.0056371688842773,0.0,1,7_spike,0
3.768320083618164,6845,20,0.1983326359799033,0.1184078797919998,1,7_spike,0
35.93316292762756,7005,23,1.6333255876194348,14.454722045663054,1,7_spike,0
3.290851831436157,6874,20,0.173202727970324,0.1369909148550881,1,7_spike,0
3.399531126022339,6791,19,0.1888628403345743,0.1416605764583541,1,7_spike,0
40.82541298866272,7005,23,1.85570059039376,18.972527787215927,1,7_spike,0
3.1211750507354736,6874,20,0.1642723710913407,0.1234279349048203,1,7_spike,0
35.735111951828,7059,24,1.5537005196446958,13.672448187322331,1,7_spike,0
3.2410900592803955,6791,19,0.1800605588489108,0.1175838539056321,1,7_spike,0
0.0121419429779052,367,2,0.0121419429779052,0.0,1,7_spike,0
0.0117771625518798,307,2,0.0117771625518798,0.0,1,7_spike,0
8.339686155319214,23093,43,0.1985639560790289,0.4579215845854331,1,7_spike,0
8.204272031784058,10456,22,0.3906796205611456,2.012623211602582,1,7_spike,0
3.31181001663208,6928,21,0.165590500831604,0.1383516199477747,1,7_spike,0
41.145352840423584,7005,23,1.8702433109283447,18.296217204466927,1,7_spike,0
4.537888050079346,6928,21,0.2268944025039672,0.1934079513914008,1,7_spike,0
3.453716993331909,6928,21,0.1726858496665954,0.1136061217575813,1,7_spike,0
1.1474320888519287,18113,29,0.0409797174589974,0.0088796226557176,1,7_spike,0
58.29639196395874,10927,27,2.242168921690721,41.13693525562912,1,7_spike,1
3.091602087020874,6874,20,0.1627158993168881,0.1246771557079029,1,7_spike,0
3.277523994445801,6845,20,0.1725012628655684,0.1254222092940443,1,7_spike,0
7.092516899108887,17491,38,0.1916896459218618,0.3738849719664187,1,7_spike,0
6.875717878341675,10328,22,0.3274151370638892,1.2529583796482184,1,7_spike,0
37.61154103279114,7005,23,1.7096155014905063,15.86083959243858,1,7_spike,0
3.210012912750244,6874,20,0.1689480480394865,0.1270960872935405,1,7_spike,0
3.2156529426574707,6791,19,0.1786473857031928,0.1222315686031658,1,7_spike,0
3.192949056625366,6791,19,0.1773860587014092,0.1217044364212033,1,7_spike,0
3.1356799602508545,6874,20,0.1650357873816239,0.1160240429927017,1,7_spike,0
36.46911096572876,7005,23,1.65768686207858,14.852794605605643,1,7_spike,0
3.270756959915161,6874,20,0.1721451031534295,0.1210941416886181,1,7_spike,0
0.0332329273223876,321,2,0.0332329273223876,0.0,1,7_spike,0
0.7036700248718262,6893,24,0.0305943489074707,0.0019851622623669,1,7_spike,0
36.3261981010437,6922,22,1.7298189571925573,15.342240401312589,1,7_spike,0
43.862247943878174,11010,109,0.4061319254062794,0.0390318124858362,1,7_spike,1
3.3169138431549072,6791,19,0.1842729912863837,0.1366901057344843,1,7_spike,0
3.41655707359314,6874,20,0.1798187933470073,0.1338021070651899,1,7_spike,0
0.0202720165252685,238,2,0.0202720165252685,0.0,1,7_spike,0
37.81088900566101,7005,23,1.718676772984591,16.095984107887666,1,7_spike,0
3.2920138835906982,6791,19,0.1828896601994832,0.1351505994978655,1,7_spike,0
3.373544931411743,6845,20,0.1775549963900917,0.1217980489847462,1,7_spike,0
3.2452480792999268,6874,20,0.1708025304894698,0.1242875288399273,1,7_spike,0
3.6300768852233887,6874,20,0.191056678169652,0.1902303167010298,1,7_spike,0
4.16719388961792,17083,32,0.1344256093425135,0.1985117027745003,1,7_spike,0
0.0063748359680175,307,2,0.0063748359680175,0.0,1,7_spike,0
1.9019200801849363,21119,33,0.0594350025057792,0.0163126540560404,1,7_spike,0
3.893031120300293,10412,20,0.204896374752647,0.3257061968703705,1,7_spike,0
29.856593132019043,6814,20,1.571399638527318,20.173185381121428,1,7_spike,0
5.7377028465271,51505,62,0.0940607024020836,0.158847912760383,1,7_spike,0
0.8836879730224609,6262,12,0.0803352702747691,0.0171412057976398,1,7_spike,0
0.0095291137695312,322,2,0.0095291137695312,0.0,1,7_spike,0
0.0131599903106689,253,2,0.0131599903106689,0.0,1,7_spike,0
6.8671040534973145,31546,66,0.1056477546691894,0.2870545243385168,1,7_spike,0
0.0092940330505371,240,2,0.0092940330505371,0.0,1,7_spike,0
0.0054850578308105,316,2,0.0054850578308105,0.0,1,7_spike,0
4.89910888671875,24813,45,0.1113433837890625,0.3576485980718034,1,7_spike,0
1.466048002243042,13954,27,0.0563864616247323,0.0133140106792031,1,7_spike,0
1.18218994140625,14193,26,0.04728759765625,0.0100733737093973,1,7_spike,0
0.0042450428009033,292,2,0.0042450428009033,0.0,1,7_spike,0
0.0040860176086425,221,2,0.0040860176086425,0.0,1,7_spike,0
0.0053019523620605,235,2,0.0053019523620605,0.0,1,7_spike,0
0.0050990581512451,164,2,0.0050990581512451,0.0,1,7_spike,0
0.8254280090332031,8576,14,0.0634944622333233,0.0127196417980665,1,7_spike,0
6.3649749755859375,12990,33,0.1989054679870605,0.6740274736766239,1,7_spike,0
6.13597583770752,17627,41,0.1533993959426879,0.5632351086997609,1,7_spike,0
0.0064401626586914,156,2,0.0064401626586914,0.0,1,7_spike,0
1.956561088562012,8243,34,0.0592897299564246,0.0084840970711429,1,7_spike,0
6.099255084991455,9232,21,0.3049627542495727,1.1796140305839942,1,7_spike,0
0.0039820671081542,349,2,0.0039820671081542,0.0,1,7_spike,0
0.003976821899414,278,2,0.003976821899414,0.0,1,7_spike,0
5.662514925003052,48816,68,0.0845151481343739,0.2203919844568927,1,7_spike,0
0.0058410167694091,297,2,0.0058410167694091,0.0,1,7_spike,0
1.213818073272705,11614,24,0.0527746988379437,0.0111485193974426,1,7_spike,0
0.5673649311065674,8569,14,0.0436434562389667,0.0099040487550737,1,7_spike,0
7.5522918701171875,330,5,1.8880729675292969,2.247934549384098,1,7_spike,1
5.351166963577271,9156,20,0.2816403665040669,0.8811402501828048,1,7_spike,0
0.0056910514831542,307,2,0.0056910514831542,0.0,1,7_spike,0
1.4390161037445068,12635,23,0.0654098228974775,0.0123242299272739,1,7_spike,0
0.0137031078338623,388,2,0.0137031078338623,0.0,1,7_spike,0
5.948369979858398,70919,86,0.0699808232924517,0.05319511942046,1,7_spike,1
0.1156339645385742,375,2,0.1156339645385742,0.0,1,7_spike,0
0.0776560306549072,375,2,0.0776560306549072,0.0,1,7_spike,0
3.5849850177764893,38738,61,0.0597497502962748,0.0199894870620768,1,7_spike,0
1.4200401306152344,7692,19,0.078891118367513,0.0129902780784239,1,7_spike,0
1.3843560218811035,7691,19,0.0769086678822835,0.0127221036648153,1,7_spike,0
3.3611040115356445,10220,20,0.1769002111334549,0.2003412624582028,1,7_spike,0
1.3453009128570557,7691,19,0.0747389396031697,0.0125440204625625,1,7_spike,0
1.3708651065826416,7692,19,0.0761591725879245,0.0122436031035755,1,7_spike,0
1.8072600364685056,9138,21,0.0903630018234253,0.0174959232456211,1,7_spike,0
0.0353789329528808,316,2,0.0353789329528808,0.0,1,7_spike,0
0.0058569908142089,316,2,0.0058569908142089,0.0,1,7_spike,0
1.2500839233398438,15366,29,0.0446458544049944,0.0091696032814389,1,7_spike,0
1.266045093536377,15408,29,0.0452158961977277,0.0097966145913003,1,7_spike,0
2.945176124572754,16836,28,0.1090805972063982,0.1574539126922607,1,7_spike,0
0.0052089691162109,222,2,0.0052089691162109,0.0,1,7_spike,0
0.0095710754394531,172,2,0.0095710754394531,0.0,1,7_spike,0
0.175724983215332,9238,20,0.0092486833271227,0.0002442424266721,1,7_spike,0
1.8828651905059812,9218,31,0.062762173016866,0.0098522323024609,1,7_spike,0
5.665446043014526,1420,14,0.4358035417703482,0.0497752011900433,1,8_session_replays,0
230.22665691375727,13893,157,1.475811903293316,5.994021219756991,1,8_session_replays,1
10.08585000038147,2605,37,0.2801625000105964,0.4013597936253802,1,8_session_replays,0
59.89858603477478,14674,145,0.4159624030192693,0.0405718489300123,1,8_session_replays,1
220.1192960739136,4947,51,4.402385921478271,40.14223775829677,1,8_session_replays,1
0.1198871135711669,8982,15,0.0085633652550833,0.0001722395893109,1,8_session_replays,0
30.05582904815674,13236,71,0.4293689864022391,1.2234294253952998,1,8_session_replays,0
1.6629970073699951,4383,22,0.0791903336842854,0.0847484517556577,1,8_session_replays,0
1.420470952987671,24652,33,0.0443897172808647,0.0097189741682032,1,8_session_replays,0
182.25238513946533,7689,27,7.009707120748667,197.3010663972049,1,8_session_replays,1
145.84637212753296,5291,23,6.629380551251498,237.52234172884752,1,8_session_replays,1
0.0189700126647949,238,2,0.0189700126647949,0.0,1,8_session_replays,0
3.9752800464630127,6711,19,0.2208488914701673,0.2665165244514036,1,8_session_replays,0
0.0165729522705078,314,2,0.0165729522705078,0.0,1,8_session_replays,0
0.859004020690918,9086,20,0.0452107379311009,0.0056583010623657,1,8_session_replays,0
220.15317511558533,43584,120,1.8500266816435744,33.00291474600974,1,8_session_replays,1
220.08156609535217,2568,36,6.288044745581491,85.7073618114341,1,8_session_replays,1
4.247374057769775,6508,19,0.2359652254316541,0.3511734059049627,1,8_session_replays,0
0.0082080364227294,316,2,0.0082080364227294,0.0,1,8_session_replays,0
1.516296148300171,6839,23,0.0689225521954623,0.0111511768646297,1,8_session_replays,0
210.2506880760193,2392,32,6.782280260516751,154.2478471926597,1,8_session_replays,1
0.0060009956359863,222,2,0.0060009956359863,0.0,1,8_session_replays,0
0.0054600238800048,271,2,0.0054600238800048,0.0,1,8_session_replays,0
156.05573987960815,125365,195,0.8044110303072586,8.47926794158687,1,8_session_replays,1
42.24229693412781,6658,22,2.011537949244181,16.345502081494324,1,8_session_replays,0
133.35476994514465,525,9,16.66934624314308,344.680395586557,1,8_session_replays,1
4.704974889755249,6848,21,0.2352487444877624,0.3163124922738852,1,8_session_replays,0
0.4272470474243164,1445,8,0.061035292489188,0.0067897188002243,1,8_session_replays,0
0.01397705078125,318,2,0.01397705078125,0.0,1,8_session_replays,0
1.6891870498657229,9777,27,0.0649687326871431,0.0125964902867179,1,8_session_replays,0
131.09145283699036,603,10,14.565716981887816,425.07106623512834,1,8_session_replays,1
5.64832615852356,6591,20,0.2972803241328189,0.7018183188412941,1,8_session_replays,0
48.799697160720825,6795,24,2.121725963509601,20.093684495722957,1,8_session_replays,0
194.9787271022797,892,13,16.248227258523304,428.4606444698806,1,8_session_replays,1
0.008307933807373,174,2,0.008307933807373,0.0,1,8_session_replays,0
0.0124809741973876,218,2,0.0124809741973876,0.0,1,8_session_replays,0
4.277379989624023,12742,32,0.1379799996652911,0.480931540484217,1,8_session_replays,0
0.0059030055999755,235,2,0.0059030055999755,0.0,1,8_session_replays,0
0.0056960582733154,279,2,0.0056960582733154,0.0,1,8_session_replays,0
0.3774569034576416,447554,441,0.0008578565987673,0.0001311865713992,1,8_session_replays,1
4.529132843017578,6794,20,0.2383754127903988,0.3554057888308946,1,8_session_replays,0
30.037235975265503,11872,69,0.4417240584597868,1.3733563756970906,1,8_session_replays,0
41.9971399307251,6722,23,1.9089609059420496,19.00233064324169,1,8_session_replays,0
9.254815816879272,6664,21,0.4627407908439636,2.684891555033212,1,8_session_replays,0
0.0077021121978759,316,2,0.0077021121978759,0.0,1,8_session_replays,0
1.4139502048492432,16456,28,0.0523685261055275,0.0119969969776218,1,8_session_replays,0
4.537590026855469,6794,20,0.2388205277292352,0.3618214251276324,1,8_session_replays,0
42.85826921463013,6639,22,2.040869962601435,20.34683792685193,1,8_session_replays,0
10.347123861312866,6527,19,0.5748402145173814,3.595125688367161,1,8_session_replays,0
5.425235033035278,6765,20,0.2855386859492251,0.3582800071024566,1,8_session_replays,0
0.009174108505249,330,2,0.009174108505249,0.0,1,8_session_replays,0
1.1427319049835205,11083,27,0.0439512271147507,0.0054950511198688,1,8_session_replays,0
60.06122779846192,187005,842,0.0714164420909178,0.0225096971042163,1,8_session_replays,1
4.63764500617981,6508,19,0.2576469447877672,0.3522555729287744,1,8_session_replays,0
0.1713020801544189,9257,20,0.0090158989554957,0.0002743208261211,1,8_session_replays,0
30.01733493804932,13266,70,0.4350338396818741,1.3702227143623802,1,8_session_replays,0
9.636976957321169,6610,20,0.5072093135432193,2.90649822266239,1,8_session_replays,0
0.0058050155639648,238,2,0.0058050155639648,0.0,1,8_session_replays,0
5.011074066162109,6794,20,0.2637407403243215,0.4556839989304371,1,8_session_replays,0
4.972132205963135,6574,20,0.2616911687349018,0.3380653172430958,1,8_session_replays,0
42.19109487533569,6741,23,1.917777039787986,15.784035230990536,1,8_session_replays,0
4.6925108432769775,6794,20,0.2469742549093146,0.348624585772905,1,8_session_replays,0
4.554574966430664,6591,20,0.2397144719174033,0.3481865790396893,1,8_session_replays,0
9.270709991455078,6610,20,0.4879321048134251,2.668120516844495,1,8_session_replays,0
30.12462592124939,13227,72,0.42429050593309,1.31388494654897,1,8_session_replays,0
0.0065639019012451,156,2,0.0065639019012451,0.0,1,8_session_replays,0
1.9418480396270752,8243,34,0.0588438799886992,0.007545476648036,1,8_session_replays,0
37.114707946777344,6925,23,1.6870321793989702,14.856871371482937,1,8_session_replays,0
0.0052120685577392,405,2,0.0052120685577392,0.0,1,8_session_replays,0
0.0060710906982421,365,2,0.0060710906982421,0.0,1,8_session_replays,0
5.560366153717041,78096,86,0.065416072396671,0.3047440825724875,1,8_session_replays,1
4.429937124252319,6591,20,0.2331545854869642,0.4161028882743146,1,8_session_replays,0
10.070534944534302,6581,20,0.5300281549754896,2.994411145271865,1,8_session_replays,0
4.843979835510254,6765,20,0.2549463071321186,0.342204039014393,1,8_session_replays,0
4.698156118392944,6591,20,0.2472713746522602,0.3711804800669169,1,8_session_replays,0
45.06226587295532,6795,24,1.9592289509980572,17.57673127586828,1,8_session_replays,0
60.040372133255005,717374,3045,0.0197241695575739,0.0002302773948765,1,8_session_replays,1
5.220890998840332,6765,20,0.2747837367810701,0.4519474031079794,1,8_session_replays,0
0.0240840911865234,238,2,0.0240840911865234,0.0,1,8_session_replays,0
39.60513401031494,6693,23,1.8002333641052246,15.882312141729498,1,8_session_replays,0
0.0518031120300293,121,2,0.0518031120300293,0.0,1,8_session_replays,0
0.1801540851593017,9253,20,0.0094817939557527,0.0003376441406243,1,8_session_replays,0
0.8900821208953857,28379,44,0.0206995842068694,0.0028682923246872,1,8_session_replays,0
9.935972929000854,6581,20,0.5229459436316239,2.9289522377844377,1,8_session_replays,0
4.893689155578613,6794,20,0.2575625871357165,0.3946889235077365,1,8_session_replays,0
4.664320945739746,6645,21,0.2332160472869873,0.3138631138374365,1,8_session_replays,0
9.38896417617798,6527,19,0.5216091208987765,2.8819680454320777,1,8_session_replays,0
0.0060241222381591,222,2,0.0060241222381591,0.0,1,8_session_replays,0
0.0056061744689941,172,2,0.0056061744689941,0.0,1,8_session_replays,0
0.2017459869384765,14233,26,0.008069839477539,0.0002808998998983,1,8_session_replays,0
0.3487770557403564,5519,15,0.0249126468385968,0.0006100712011774,1,8_session_replays,0
0.2697620391845703,1866,10,0.0299735599093967,0.0018474924142964,1,8_session_replays,0
4.393674850463867,6711,19,0.2440930472479926,0.3331572204855839,1,8_session_replays,0
4.823653936386108,6591,20,0.2538765229676899,0.4337505239989543,1,8_session_replays,0
9.770601987838743,6676,21,0.4885300993919372,2.6402450790102465,1,8_session_replays,0
4.279093027114868,6794,20,0.2252154224797299,0.3083240555099832,1,8_session_replays,0
34.47812104225159,6722,23,1.567187320102345,12.193440550353284,1,8_session_replays,0
9.335940837860107,6610,20,0.4913653072557951,2.710163214116897,1,8_session_replays,0
33.921035051345825,6842,22,1.6152873833974202,12.2390729849795,1,8_session_replays,0
4.43965220451355,6591,20,0.2336659055007131,0.3179510375471077,1,8_session_replays,0
48.120502948760986,521319,2247,0.0214249790510957,0.0009657076638566,1,8_session_replays,1
0.0239760875701904,222,2,0.0239760875701904,0.0,1,8_session_replays,0
0.0233330726623535,172,2,0.0233330726623535,0.0,1,8_session_replays,0
9.425458908081056,6610,20,0.496076784635845,2.860595733123237,1,8_session_replays,0
0.1674919128417968,9261,20,0.0088153638337787,0.0002938085248164,1,8_session_replays,0
30.595860958099365,10447,25,1.2748275399208069,11.02908957194928,1,8_session_replays,0
0.8102059364318848,6358,12,0.0736550851301713,0.0145092080843102,1,8_session_replays,0
0.0063400268554687,238,2,0.0063400268554687,0.0,1,8_session_replays,0
5.048579931259155,6711,19,0.2804766628477309,0.4932873382310412,1,8_session_replays,0
5.357975006103516,6645,21,0.2678987503051758,0.4055414655616208,1,8_session_replays,0
8.22747802734375,6664,21,0.4113739013671875,1.6716527236293903,1,8_session_replays,0
0.0062260627746582,367,2,0.0062260627746582,0.0,1,8_session_replays,0
0.0057840347290039,307,2,0.0057840347290039,0.0,1,8_session_replays,0
1.319032907485962,14381,28,0.0488530706476282,0.0095612413719745,1,8_session_replays,0
1.019860029220581,10240,18,0.05999176642474,0.0115918184036764,1,8_session_replays,0
13.202989101409912,17921,28,0.4889995963485152,2.537413778771972,1,8_session_replays,0
0.6076278686523438,7021,17,0.0379767417907714,0.0042230226771025,1,9_stealth,0
0.258253812789917,1216,5,0.0645634531974792,0.0078092633062105,1,9_stealth,0
270.2082040309906,2990,40,6.928415487974118,156.7753016492346,1,9_stealth,1
48.04616498947144,5422,57,0.857967231954847,0.0771508047328801,1,9_stealth,0
0.2531919479370117,108,2,0.2531919479370117,0.0,1,9_stealth,0
0.2522571086883545,162,3,0.1261285543441772,0.0158904947200113,1,9_stealth,0
36.78212380409241,175,3,18.391061902046204,336.2465225255154,1,9_stealth,1
15.623378992080688,1969,28,0.5786436663733588,1.519144759672807,1,9_stealth,0
278.659903049469,6821,80,3.527340544929987,22.109488241566293,1,9_stealth,1
280.0388309955597,8432,97,2.917071156203747,28.85925692124844,1,9_stealth,1
0.0073339939117431,238,2,0.0073339939117431,0.0,1,9_stealth,0
28.73135495185852,6899,20,1.5121765764136064,24.171495736000917,1,9_stealth,0
0.0069057941436767,310,2,0.0069057941436767,0.0,1,9_stealth,0
1.5304038524627686,11339,20,0.0805475711822509,0.0185143838946918,1,9_stealth,0
9.454753160476685,361,6,1.8909506320953369,14.137666812660887,1,9_stealth,1
0.0079560279846191,612,2,0.0079560279846191,0.0,1,9_stealth,0
0.1774420738220214,162,3,0.0887210369110107,0.007854382511141,1,9_stealth,0
1.187021017074585,12843,26,0.0474808406829833,0.0095415258380713,1,9_stealth,0
275.11316204071045,6111,63,4.437309065172749,40.30915897307253,1,9_stealth,1
260.1548898220062,50848,140,1.871617912388534,33.352150021543856,1,9_stealth,1
267.1573250293732,629302,727,0.3679852961837096,7.113054273820898,1,9_stealth,1
30.044960021972656,13432,75,0.4060129732699007,1.2666087225815952,1,9_stealth,0
30.275219917297363,13724,43,0.720838569459461,12.886133405687426,1,9_stealth,0
33.10680818557739,87528,122,0.2736099850047718,2.871312214495565,1,9_stealth,1
21.49136209487915,469,8,3.070194584982736,51.84904958773202,1,9_stealth,1
0.006105899810791,238,2,0.006105899810791,0.0,1,9_stealth,0
29.08365201950073,6899,20,1.5307185273421438,24.50187911608344,1,9_stealth,0
240.0786728858948,1013,15,17.14847663470677,443.9803310772359,1,9_stealth,1
77.32937002182007,1276,14,5.948413078601544,54.598383891182685,1,9_stealth,1
0.0063531398773193,222,2,0.0063531398773193,0.0,1,9_stealth,0
0.0059950351715087,271,2,0.0059950351715087,0.0,1,9_stealth,0
0.3873181343078613,13430,21,0.019365906715393,0.0035144506540262,1,9_stealth,0
59.13582301139832,7064,74,0.810079767279429,0.1016863314846115,1,9_stealth,0
30.01166701316833,11934,70,0.4349516958430193,1.369972369844789,1,9_stealth,0
28.999943017959595,7114,23,1.3181792280890725,20.74126499394113,1,9_stealth,0
28.36778211593628,6982,21,1.418389105796814,22.26122693099645,1,9_stealth,0
30.033127784729004,12434,77,0.3951727340095921,1.0418979257717689,1,9_stealth,0
0.0065019130706787,405,2,0.0065019130706787,0.0,1,9_stealth,0
0.0058119297027587,365,2,0.0058119297027587,0.0,1,9_stealth,0
0.935168981552124,78096,86,0.0110019880182602,0.004119596356826,1,9_stealth,1
0.0062050819396972,238,2,0.0062050819396972,0.0,1,9_stealth,0
54.65761399269104,6982,21,2.732880699634552,108.83441931664927,1,9_stealth,1
0.0057730674743652,156,2,0.0057730674743652,0.0,1,9_stealth,0
1.787790060043335,8297,35,0.0525820605895098,0.0067931949203931,1,9_stealth,0
0.0054700374603271,349,2,0.0054700374603271,0.0,1,9_stealth,0
0.0052731037139892,278,2,0.0052731037139892,0.0,1,9_stealth,0
4.700973987579346,12384,30,0.1621025512958395,0.3550485842377063,1,9_stealth,0
4.439076900482178,9257,21,0.2219538450241089,0.5157474584930066,1,9_stealth,0
12.310687065124512,19622,70,0.1784157545670219,0.610235714663864,1,9_stealth,0
174.88479781150818,1853770,2828,0.0618623267815734,0.3265473201537082,1,9_stealth,1
147.39881992340088,17327,111,1.339989272030917,51.28086879291722,1,9_stealth,1
142.4387640953064,25736,81,1.78048455119133,71.56156817638313,1,9_stealth,1
59.18983006477356,7166,75,0.799862568442886,0.1119744293238235,1,9_stealth,0
30.02614998817444,14744,75,0.4057587836239789,1.069509071262226,1,9_stealth,0
83.11179709434509,104836,133,0.6296348264723113,18.561401021275824,1,9_stealth,1
11.759206056594849,6167,18,0.6917180033291087,5.103361213046682,1,9_stealth,0
0.006117820739746,316,2,0.006117820739746,0.0,1,9_stealth,0
1.2653429508209229,15164,28,0.0468645537341082,0.0109201429039475,1,9_stealth,0
1.176440954208374,23061,31,0.0392146984736124,0.0084469483709482,1,9_stealth,0
78.83456707000732,25661,44,1.8333620248838916,49.93069782052553,1,9_stealth,1
30.042097091674805,12390,76,0.4005612945556641,1.0660360828369404,1,9_stealth,0
28.476693868637085,6982,21,1.4238346934318542,22.864423957397168,1,9_stealth,0
0.8142240047454834,10752,23,0.0370101820338856,0.0030522816830423,1,9_stealth,0
0.0576798915863037,121,2,0.0576798915863037,0.0,1,9_stealth,0
0.0067129135131835,238,2,0.0067129135131835,0.0,1,9_stealth,0
66.01075005531311,7113,24,2.87003261110057,35.04639472514454,1,9_stealth,1
0.0058820247650146,222,2,0.0058820247650146,0.0,1,9_stealth,0
0.0060811042785644,172,2,0.0060811042785644,0.0,1,9_stealth,0
28.943830013275143,18271,68,0.4319974628847037,8.576856793158932,1,9_stealth,0
59.2488260269165,7370,77,0.7795898161436382,0.1127346410471399,1,9_stealth,0
30.03822898864746,11869,69,0.4417386615977567,1.1533009823209237,1,9_stealth,0
63.7132830619812,7113,24,2.770142741825269,32.5320433471358,1,9_stealth,1
76.90732097625732,188288,228,0.3387987708205168,5.481877757106044,1,9_stealth,1
0.7280919551849365,380186,407,0.0017933299388791,0.0001237875892095,1,9_stealth,1
30.027071952819824,11797,68,0.4481652530271615,1.4000976123788968,1,9_stealth,0
0.0065419673919677,238,2,0.0065419673919677,0.0,1,9_stealth,0
65.01637387275696,7113,24,2.826798864032911,33.58042341853133,1,9_stealth,1
0.8714640140533447,8355,23,0.0396120006387884,0.0025868249515752,1,9_stealth,0
58.30822992324829,6970,73,0.8098365267117819,0.105239248202039,1,9_stealth,0
28.920217990875244,6982,21,1.4460108995437622,22.72951999857242,1,9_stealth,0
1.932337045669556,11454,31,0.0644112348556518,0.0860382221418837,1,9_stealth,0
34.5217821598053,13521,76,0.4602904287974039,1.716001847323489,1,9_stealth,0
21.902240991592407,6982,21,1.0951120495796205,11.321526139324495,1,9_stealth,0
21.542392015457157,11089,58,0.3779367020255641,1.3857246519261233,1,9_stealth,0
0.0060980319976806,368,2,0.0060980319976806,0.0,1,9_stealth,0
0.0058510303497314,307,2,0.0058510303497314,0.0,1,9_stealth,0
11.1909339427948,14653,33,0.3497166857123375,2.8401423372919345,1,9_stealth,0
1.4292559623718262,25269,35,0.0420369400697595,0.009114294159576,1,9_stealth,0
0.0317990779876709,156,2,0.0317990779876709,0.0,1,9_stealth,0
0.0062918663024902,156,2,0.0062918663024902,0.0,1,9_stealth,0
1.8426649570465088,8244,34,0.0558383320317123,0.0069278494304534,1,9_stealth,0
0.7846131324768066,6380,13,0.0653844277064005,0.0128166531037344,1,9_stealth,0
0.6111490726470947,7097,17,0.0381968170404434,0.0043627434200208,0,10_random,0
0.3037850856781006,12569,19,0.0168769492043389,0.0013997404232445,0,10_random,0
0.7461199760437012,8708,17,0.0466324985027313,0.01488881943171,0,10_random,0
0.8848459720611572,11698,20,0.0465708406347977,0.0087191355449084,0,10_random,0
0.361685037612915,14040,27,0.0139109629851121,0.0018124279258919,0,10_random,0
0.3327240943908691,9465,18,0.019572005552404,0.0020723892762661,0,10_random,0
9.429518938064575,11191,21,0.4714759469032287,3.552798549571449,0,10_random,0
0.7097859382629395,36688,42,0.0173118521527546,0.002225978934392,0,10_random,0
0.7000408172607422,36576,42,0.0170741662746522,0.002271346933564,0,10_random,0
0.1085700988769531,674,3,0.0542850494384765,0.0015152431742535,0,10_random,0
0.0061621665954589,612,2,0.0061621665954589,0.0,0,10_random,0
23.00705099105835,2868,30,0.7933465858985638,0.1027217920483659,0,10_random,0
1.9348649978637693,392,5,0.4837162494659424,0.6363246512640046,0,10_random,0
379.9080650806427,5848,76,5.065440867741903,67.9156073981361,0,10_random,1
0.0062708854675292,314,2,0.0062708854675292,0.0,0,10_random,0
1.7556309700012207,6838,23,0.0798014077273282,0.015127928056537,0,10_random,0
381.68674302101135,9878,111,3.469879482009194,21.582316354363837,0,10_random,1
30.06945300102234,13335,73,0.4176312916808658,1.081681669974547,0,10_random,0
360.23824191093445,3887,52,7.063494939430087,158.3182119447196,0,10_random,1
371.3757119178772,8148,84,4.474406167685268,40.49529932881207,0,10_random,1
0.0066170692443847,164,2,0.0066170692443847,0.0,0,10_random,0
5.773560047149658,6966,20,0.3038715814289294,1.428810511471688,0,10_random,0
0.020374059677124,314,2,0.020374059677124,0.0,0,10_random,0
0.9344758987426758,9083,20,0.0491829420390882,0.0062434997718761,0,10_random,0
360.15344882011414,69008,190,1.9055738032810272,33.89827962621512,0,10_random,1
0.0056338310241699,174,2,0.0056338310241699,0.0,0,10_random,0
1.7974629402160645,6944,18,0.1057331141303567,0.1098348194560901,0,10_random,0
6.213032960891724,6966,20,0.3270017347837749,1.6398561213103269,0,10_random,0
0.0060081481933593,156,2,0.0060081481933593,0.0,0,10_random,0
1.8010749816894531,8243,34,0.0545780297481652,0.0068841548657057,0,10_random,0
330.2498300075531,1255,19,18.347212778197395,462.5506608781155,0,10_random,1
13.659258842468262,13698,42,0.3331526546943478,2.505816751180724,0,10_random,0
39.1687479019165,110576,163,0.2417823944562747,2.030619886670555,0,10_random,1
0.0077540874481201,202,2,0.0077540874481201,0.0,0,10_random,0
7.260806083679199,30680,42,0.1770928313092487,0.886352631656597,0,10_random,0
205.60872197151184,97657,134,1.545930240387307,50.96205077631146,0,10_random,1
75.16999006271362,3736,17,4.698124378919601,130.34616822449283,0,10_random,1
59.53630685806274,7166,75,0.8045446872711182,0.098973153633399,0,10_random,0
0.0423240661621093,162,3,0.0211620330810546,0.0004442364575538,0,10_random,0
0.0417230129241943,162,3,0.0208615064620971,0.0004323323600061,0,10_random,0
202.50388193130493,845,14,15.577221687023457,419.37518303626825,0,10_random,1
2.5886940956115723,30625,41,0.0647173523902893,0.0789303664858373,0,10_random,0
5.816053867340088,6912,19,0.323114103741116,1.3287308741396917,0,10_random,0
0.0091581344604492,349,2,0.0091581344604492,0.0,0,10_random,0
0.0087661743164062,278,2,0.0087661743164062,0.0,0,10_random,0
30.389644145965576,13846,34,0.9208983074535024,7.0705889778054285,0,10_random,0
39.39852595329285,9277,23,1.7908420887860386,17.938594299275504,0,10_random,0
30.0475070476532,13964,80,0.3803481904766227,1.046564739771083,0,10_random,0
1.1673688888549805,20427,29,0.041691746030535,0.0095363966622037,0,10_random,0
39.14635896682739,24416,40,1.0037527940212152,34.93225660507991,0,10_random,1
198.973130941391,845,14,15.305625457030075,416.45331390260526,0,10_random,1
0.0221560001373291,208,2,0.0221560001373291,0.0,0,10_random,0
3.271247148513794,13885,25,0.136301964521408,0.2685664671096092,0,10_random,0
21.70834589004517,7104,23,0.986742995002053,4.843154289166993,0,10_random,0
3.209569215774536,6966,20,0.1689246955670808,0.3206584868784229,0,10_random,0
7.378551006317139,6944,18,0.4340324121363023,2.5222837505008653,0,10_random,0
0.0058839321136474,307,2,0.0058839321136474,0.0,0,10_random,0
23.984778881073,378,7,3.9974631468455,16.764143509822187,0,10_random,1
6.745870113372803,30733,43,0.1606159550803048,0.7372998465082128,0,10_random,0
4.518822908401489,6966,20,0.2378327846527099,0.7798273380270937,0,10_random,0
6.8671300411224365,6965,20,0.3614278969011809,1.881594839980646,0,10_random,0
30.03700804710388,12359,76,0.4004934406280517,1.1833270106922629,0,10_random,0
6.167946100234985,13994,27,0.237228696162884,1.1535364955564074,0,10_random,0
6.211193084716797,30627,41,0.1552798271179199,0.717529262947898,0,10_random,0
0.0071151256561279,174,2,0.0071151256561279,0.0,0,10_random,0
3.895079135894776,6945,18,0.2291223021114573,0.6810831199152896,0,10_random,0
0.0064649581909179,415,2,0.0064649581909179,0.0,0,10_random,0
2.395724058151245,63543,69,0.035231236149283,0.0518837062670719,0,10_random,1
4.9146568775177,13776,23,0.2233934944326227,0.8683238787523038,0,10_random,0
7.301003932952881,13778,23,0.3318638151342218,2.050521504341916,0,10_random,0
59.59371209144592,7370,77,0.7841277906769201,0.10346154615738,0,10_random,0
30.247650861740112,15174,78,0.3928266345680534,1.2127967190028903,0,10_random,0
0.0391561985015869,238,2,0.0391561985015869,0.0,0,10_random,0
0.0055251121520996,238,2,0.0055251121520996,0.0,0,10_random,0
39.80034494400024,6987,23,1.8091065883636477,16.712948620891325,0,10_random,0
5.873439073562622,13724,22,0.2796875749315534,1.2988859522860257,0,10_random,0
0.0446870326995849,121,2,0.0446870326995849,0.0,0,10_random,0
0.0053958892822265,222,2,0.0053958892822265,0.0,0,10_random,0
0.0082740783691406,172,2,0.0082740783691406,0.0,0,10_random,0
22.02045702934265,11457,31,0.7340152343114217,15.232010127640898,0,10_random,0
5.934174060821533,13887,25,0.2472572525342305,1.173074475498557,0,10_random,0
0.0065431594848632,316,2,0.0065431594848632,0.0,0,10_random,0
1.2594079971313477,21202,34,0.0381638787009499,0.0082426721112657,0,10_random,0
5.2935168743133545,6854,20,0.2786061512796502,0.6563658080324923,0,10_random,0
0.0065131187438964,512,2,0.0065131187438964,0.0,0,10_random,0
0.0060601234436035,289,2,0.0060601234436035,0.0,0,10_random,0
0.054621934890747,162,3,0.0273109674453735,0.0007412600001686,0,10_random,0
0.007436990737915,380,2,0.007436990737915,0.0,0,10_random,0
0.0389258861541748,162,3,0.0194629430770874,0.0003772949168165,0,10_random,0
0.0387771129608154,162,3,0.0193885564804077,0.0003724755772651,0,10_random,0
0.0060329437255859,222,2,0.0060329437255859,0.0,0,10_random,0
0.0056779384613037,172,2,0.0056779384613037,0.0,0,10_random,0
4.326738119125366,23441,77,0.0569307647253337,0.0648928252780056,0,10_random,0
127.4737319946289,11051,37,3.540936999850803,138.2570121912265,0,10_random,1
6.90221095085144,6946,18,0.4060124088736141,2.2712204709261634,0,10_random,0
126.17197585105896,11187,38,3.410053401379972,131.72932409040487,0,10_random,1
126.05737209320068,10235,32,4.066366841716151,148.28409111564366,0,10_random,1
0.1869831085205078,17120,28,0.0069253003155743,0.0001983709939725,0,10_random,0
120.71454906463624,13104,40,3.0952448478111854,117.40417446856604,0,10_random,1
122.05370998382568,10715,31,4.068456999460856,152.14403585536823,0,10_random,1
0.0065929889678955,164,2,0.0065929889678955,0.0,0,10_random,0
5.7757298946380615,6966,20,0.303985783928319,1.345218286719307,0,10_random,0
0.1552979946136474,162,3,0.0776489973068237,0.006018819010606,0,10_random,0
3.5806150436401367,30570,40,0.0918106421446188,0.2014121317887479,0,10_random,0
30.17162394523621,12302,74,0.4133099170580302,1.284072523520867,0,10_random,0
5.509208917617798,30626,41,0.1377302229404449,0.5613316585422691,0,10_random,0
0.0061149597167968,301,2,0.0061149597167968,0.0,0,10_random,0
0.2551019191741943,162,3,0.1275509595870971,0.0162460219502378,0,10_random,0
56.81022810935974,6983,23,2.5822830958799883,37.61251417128104,0,10_random,1
0.0065557956695556,164,2,0.0065557956695556,0.0,0,10_random,0
4.822078943252564,6964,20,0.2537936285922402,0.9451861036357548,0,10_random,0
4.018221139907837,31359,51,0.0803644227981567,0.2146748500587197,0,10_random,0
5.653604030609131,6966,20,0.2975581068741648,1.3537927840507782,0,10_random,0
0.0238749980926513,238,2,0.0238749980926513,0.0,0,10_random,0
5.588062047958374,6856,20,0.2941085288399144,0.7897598533297355,0,10_random,0
60.037086963653564,7370,77,0.789961670574389,0.0914027852022568,0,10_random,0
3.2191169261932373,15495,29,0.1149684616497584,0.250342449276689,0,10_random,0
4.073486089706421,6944,18,0.23961682880626,0.7360989254749166,0,10_random,0
30.16896891593933,14686,72,0.424915055154075,1.322208474242859,0,10_random,0
5.626080989837647,13941,26,0.2250432395935058,1.002452294588594,0,10_random,0
25.13471984863281,7160,22,1.1968914213634672,6.006278189009428,0,10_random,0
4.925668001174927,13939,26,0.197026720046997,0.7098518020559073,0,10_random,0
4.171545028686523,6945,18,0.2453850016874425,0.6817885791058267,0,10_random,0
5.229429006576538,6946,18,0.3076134709750904,1.142039623191121,0,10_random,0
0.0060129165649414,383,2,0.0060129165649414,0.0,0,10_random,0
5.556253910064697,64738,79,0.0712340244880089,0.2838630090367172,0,10_random,1
41.920881032943726,6902,22,1.9962324301401773,16.609223655781506,0,10_random,0
0.1634159088134765,9245,20,0.0086008373059724,0.0002503136935236,0,10_random,0
30.014759063720703,12300,75,0.4056048522124419,1.2855075377544158,0,10_random,0
0.0069189071655273,222,2,0.0069189071655273,0.0,0,10_random,0
0.0061070919036865,271,2,0.0061070919036865,0.0,0,10_random,0
5.541504144668579,24666,35,0.1629854160196641,0.3072796652881828,0,10_random,0
0.0091569423675537,371,2,0.0091569423675537,0.0,0,10_random,0
0.0086860656738281,310,2,0.0086860656738281,0.0,0,10_random,0
45.51947593688965,28236,53,0.8753745372478778,24.03325012603464,0,10_random,1
45.268616914749146,12707,22,2.155648424511864,87.27445549112934,0,10_random,1
6.834173917770386,30626,41,0.1708543479442596,0.791571366268023,0,10_random,0
0.0080230236053466,238,2,0.0080230236053466,0.0,0,10_random,0
42.49220514297485,7041,24,1.847487180129341,15.869195431694138,0,10_random,0
4.641832113265991,6825,20,0.244306953329789,0.2990156050541863,0,10_random,0
0.0135669708251953,316,2,0.0135669708251953,0.0,0,10_random,0
1.4772629737854004,12787,25,0.061552623907725,0.0145758046010651,0,10_random,0
7.77032208442688,13885,25,0.3237634201844533,1.886182733597873,0,10_random,0
59.70331907272339,7064,74,0.8178536859277177,0.0943661336856806,0,10_random,0
4.070745944976807,6825,20,0.2142497865777266,0.2336294354618963,0,10_random,0
6.956967115402222,14225,30,0.2398954177724904,1.3248243472536865,0,10_random,0
16.725559949874878,11600,33,0.5226737484335899,8.176165279884227,0,10_random,0
0.3522069454193115,28182,37,0.0097835262616475,0.0010415455169751,0,10_random,0
0.0077409744262695,202,2,0.0077409744262695,0.0,0,10_random,0
5.850159168243408,30626,41,0.1462539792060852,0.587473761244796,0,10_random,0
6.989069938659668,30679,42,0.1704651204551138,0.8887395621267857,0,10_random,0
0.0055348873138427,156,2,0.0055348873138427,0.0,0,10_random,0
20.998461961746216,8525,37,0.583290610048506,3.0944596783066323,0,10_random,0
0.0077528953552246,314,2,0.0077528953552246,0.0,0,10_random,0
1.4800879955291748,6838,23,0.0672767270695079,0.0108786123556914,0,10_random,0
1.14811110496521,10201,20,0.0604269002613268,0.0125908551655702,0,10_random,0
150.55415606498718,7257,19,8.364119781388176,279.1845145781226,0,10_random,1
6.965237140655518,6944,18,0.4097198318032657,2.3855478017101457,0,10_random,0
23.174428939819336,30818,45,0.5266915668140758,2.821841404301736,0,10_random,0
0.0058798789978027,316,2,0.0058798789978027,0.0,0,10_random,0
1.1451539993286133,12843,26,0.0458061599731445,0.0092906117944607,0,10_random,0
2.0256459712982178,30680,42,0.0494059992999565,0.0457091832267171,0,10_random,0
0.007246971130371,240,2,0.007246971130371,0.0,0,10_random,0
4.262108087539673,9966,25,0.1775878369808197,0.6196954379892873,0,10_random,0
0.2717618942260742,5790,21,0.0135880947113037,0.000402287303259,0,10_random,0
4.587764024734497,6944,18,0.2698684720432057,0.9712562612798584,0,10_random,0
0.3282680511474609,5683,20,0.0172772658498663,0.0007307332739634,0,10_random,0
2.842270851135254,6943,18,0.1671924030079561,0.2956568826666861,0,10_random,0
23.173293828964237,9791,27,0.8912805318832397,4.561914331079791,0,10_random,0
0.0065369606018066,405,2,0.0065369606018066,0.0,0,10_random,0
0.00602388381958,365,2,0.00602388381958,0.0,0,10_random,0
90.22661209106444,78712,96,0.949753811484889,41.59629553692311,0,10_random,1
3.5902678966522217,6943,18,0.2111922292148365,0.5544505119289427,0,10_random,0
6.507537126541138,14226,30,0.2243978319496944,1.2153190665409397,0,10_random,0
4.279726028442383,9914,24,0.1860750447148862,0.666526280008025,0,10_random,0
6.323770999908447,30627,41,0.1580942749977111,0.7775235575111793,0,10_random,0
2.4186670780181885,13778,23,0.1099394126371903,0.1745583651418169,0,10_random,0
5.067223072052002,30626,41,0.1266805768013,0.4776752006306837,0,10_random,0
59.76041007041931,7268,76,0.7968054676055908,0.1041927097911239,0,10_random,0
0.0059790611267089,367,2,0.0059790611267089,0.0,0,10_random,0
3.122307062149048,76986,90,0.0350821018218994,0.0728103778594201,0,10_random,1
0.0059249401092529,238,2,0.0059249401092529,0.0,0,10_random,0
5.202962160110474,6854,20,0.2738401136900249,0.6349671838083016,0,10_random,0
4.657180070877075,6906,21,0.2328590035438537,0.416515941176223,0,10_random,0
0.0058100223541259,164,2,0.0058100223541259,0.0,0,10_random,0
5.456457138061523,6967,20,0.287181954634817,1.2687202058457288,0,10_random,0
0.0056140422821044,349,2,0.0056140422821044,0.0,0,10_random,0
0.0054640769958496,278,2,0.0054640769958496,0.0,0,10_random,0
91.71852278709412,12482,30,3.1627076823135902,129.5863163291403,0,10_random,1
93.57000398635864,9614,27,3.59884630716764,88.30891310026503,0,10_random,1
3.498924970626831,30736,43,0.0833077373958769,0.1814138424291364,0,10_random,0
53.27044415473938,6900,22,2.5366878168923512,33.46289120559433,0,10_random,0
0.006282091140747,367,2,0.006282091140747,0.0,0,10_random,0
4.868575096130371,47679,64,0.0772789697798471,0.2977558302797301,0,10_random,0
0.00655198097229,324,2,0.00655198097229,0.0,0,10_random,0
84.82382392883301,1541,19,4.712434662712945,56.05713724270677,0,10_random,1
0.0055751800537109,406,2,0.0055751800537109,0.0,0,10_random,0
79.13958406448364,1589,20,4.165241266551771,52.39221285243425,0,10_random,1
0.0070030689239501,406,2,0.0070030689239501,0.0,0,10_random,0
79.04208207130432,1512,18,4.6495342394884895,56.122688700555074,0,10_random,1
3.582973003387451,30680,42,0.0873895854484744,0.1997816851848558,0,10_random,0
5.676508903503418,64059,92,0.0623792187198177,0.2858538635327531,0,10_random,1
6.11264705657959,6906,21,0.3056323528289795,0.8106713225738247,0,10_random,0
2.6116669178009038,7012,19,0.1450926065444946,0.2394104824800646,0,10_random,0
0.0066578388214111,367,2,0.0066578388214111,0.0,0,10_random,0
25.84764790534973,62731,76,0.3446353054046631,2.0688642468247704,0,10_random,1
0.0058228969573974,238,2,0.0058228969573974,0.0,0,10_random,0
6.237632989883423,6773,19,0.3465351661046346,1.0615049817871225,0,10_random,0
4.778046131134033,6944,18,0.2810615371255314,1.0509059464597272,0,10_random,0
5.46262001991272,30748,43,0.1300623814264933,0.5138039609631865,0,10_random,0
58.81708979606629,7072,74,0.8057135588502231,0.1069680451272768,0,10_random,0
0.3095259666442871,12569,19,0.0171958870357937,0.0013450216610304,0,10_random,0
7.062230110168457,6771,19,0.3923461172315809,1.447663134521873,0,10_random,0
0.0084550380706787,164,2,0.0084550380706787,0.0,0,10_random,0
6.115584850311279,6968,20,0.3218728868584883,1.6152422642729003,0,10_random,0
0.0057330131530761,415,2,0.0057330131530761,0.0,0,10_random,0
3.849898099899292,64288,72,0.05422391689999,0.1505316758691375,0,10_random,1
3.6660521030426025,6967,20,0.1929501106864527,0.5352782151438,0,10_random,0
4.280184984207153,17128,31,0.1426728328069051,0.5044455617588282,0,10_random,0
0.0068278312683105,208,2,0.0068278312683105,0.0,0,10_random,0
4.123872041702271,13940,26,0.1649548816680908,0.5335063559996476,0,10_random,0
0.005465030670166,375,2,0.005465030670166,0.0,0,10_random,0
1.2921960353851318,7728,18,0.076011531493243,0.0129978037975963,0,10_random,0
1.366663932800293,7774,19,0.0759257740444607,0.0122130579153498,0,10_random,0
25.44596791267395,30820,45,0.5783174525607716,3.248970411790077,0,10_random,0
0.0060279369354248,368,2,0.0060279369354248,0.0,0,10_random,0
1.3236589431762695,14383,28,0.0490244053028248,0.0098944718860248,0,10_random,0
